Relatório de Composição de Garantias;;;;;;;;;;;;;;;;;;;;;;;;;;;;;;;;;;;;;;
Data de Emissão: 15/01/2020 11:03;;;;;;;;;;;;;;;;;;;;;;;;;;;;;;;;;;;;;;
Tipo de Dívida: Interna - Externa;;;;;;;;;;;;;;;;;;;;;;;;;;;;;;;;;;;;;;
Selecionar mutuário(s) por: Não Informado;;;;;;;;;;;;;;;;;;;;;;;;;;;;;;;;;;;;;;
Credor(es): Não Informado;;;;;;;;;;;;;;;;;;;;;;;;;;;;;;;;;;;;;;
Selecionar operação de crédito por: Não Informado;;;;;;;;;;;;;;;;;;;;;;;;;;;;;;;;;;;;;;
Tipo de Cálculo: Apropriação;;;;;;;;;;;;;;;;;;;;;;;;;;;;;;;;;;;;;;
Posição: Diário;;;;;;;;;;;;;;;;;;;;;;;;;;;;;;;;;;;;;;
Data de Referência: 31/12/2019;;;;;;;;;;;;;;;;;;;;;;;;;;;;;;;;;;;;;;
Tipo de Composição: Indexador;;;;;;;;;;;;;;;;;;;;;;;;;;;;;;;;;;;;;;
;;;;;;;;;;;;;;;;;;;;;;;;;;;;;;;;;;;;;;
;Totais;Totais;Totais;Totais;Totais;Totais;Totais;Totais;Totais;Totais;Totais;Totais;Totais;Totais;Interna;Interna;Interna;Interna;Interna;Interna;Interna;Interna;Interna;Interna;Interna;Interna;Interna;Interna;Externa;Externa;Externa;Externa;Externa;Externa;Externa;Externa;Externa;Externa
Agrupador;Total (R$);Total (%);IPCA (R$);IPCA (%);SELIC (R$);SELIC (%);TJLP (R$);TJLP (%);TR (R$);TR (%);Cambial (R$);Cambial (%);Não Indexados (R$);Não Indexados (%);Total (R$);Total (%);220 - USD (R$);220 - USD (%);IPCA (R$);IPCA (%);SELIC (R$);SELIC (%);TJLP (R$);TJLP (%);TR (R$);TR (%);Não Indexados (R$);Não Indexados (%);Total (R$);Total (%);USD (R$);USD (%);EUR (R$);EUR (%);JPY (R$);JPY (%);Demais (R$);Demais (%)
Todas;255.917.889.078,98;100%;2.765.206.784,22;1,08%;1.430.225.641,94;0,56%;49.555.139.492,35;19,36%;2.767.919.792,49;1,08%;178.210.724.257,98;69,64%;21.188.673.110,00;8,28%;109.297.756.106,24;100%;31.590.591.285,24;28,90%;2.765.206.784,22;2,53%;1.430.225.641,94;1,31%;49.555.139.492,35;45,34%;2.767.919.792,49;2,53%;21.188.673.110,00;19,39%;146.620.132.972,74;100%;139.110.579.140,14;94,88%;4.046.870.938,52;2,76%;3.071.048.708,14;2,09%;391.634.185,94;0,27%
Estados;200.495.472.414,37;78,34%;2.538.519.320,55;0,99%;1.430.225.641,94;0,56%;40.147.146.512,49;15,69%;1.752.011.900,79;0,68%;141.176.733.160,22;55,16%;13.450.835.878,38;5,26%;90.909.330.539,39;83,18%;31.590.591.285,24;28,90%;2.538.519.320,55;2,32%;1.430.225.641,94;1,31%;40.147.146.512,49;36,73%;1.752.011.900,79;1,60%;13.450.835.878,38;12,31%;109.586.141.874,99;74,74%;105.167.854.882,96;71,73%;3.443.433.434,74;2,35%;583.219.371,34;0,40%;391.634.185,94;0,27%
Rio de Janeiro;36.033.371.146,68;14,08%;2.538.519.320,55;0,99%;1.422.086.178,31;0,56%;5.939.010.263,46;2,32%;343.342.099,40;0,13%;23.890.413.284,96;9,34%;1.900.000.000,00;0,74%;22.988.419.505,91;21,03%;10.845.461.644,19;9,92%;2.538.519.320,55;2,32%;1.422.086.178,31;1,30%;5.939.010.263,46;5,43%;343.342.099,40;0,31%;1.900.000.000,00;1,74%;13.044.951.640,77;8,90%;13.044.951.640,77;8,90%;0;0,00%;0;0,00%;0;0,00%
São Paulo;33.270.233.914,18;13,00%;0;0,00%;0;0,00%;1.705.770.449,86;0,67%;0;0,00%;30.066.119.308,49;11,75%;1.498.344.155,83;0,59%;9.058.785.841,93;8,29%;5.854.671.236,24;5,36%;0;0,00%;0;0,00%;1.705.770.449,86;1,56%;0;0,00%;1.498.344.155,83;1,37%;24.211.448.072,25;16,51%;21.720.426.500,68;14,81%;2.219.948.332,00;1,51%;271.073.239,57;0,18%;0;0,00%
Minas Gerais;22.215.116.968,03;8,68%;0;0,00%;0;0,00%;1.313.287.032,03;0,51%;132.988.814,46;0,05%;20.768.841.121,54;8,12%;0;0,00%;9.197.610.215,28;8,42%;7.751.334.368,79;7,09%;0;0,00%;0;0,00%;1.313.287.032,03;1,20%;132.988.814,46;0,12%;0;0,00%;13.017.506.752,75;8,88%;11.839.574.984,75;8,07%;1.177.931.768,00;0,80%;0;0,00%;0;0,00%
Bahia;13.693.232.436,26;5,35%;0;0,00%;0;0,00%;1.671.404.077,73;0,65%;0;0,00%;11.541.828.358,53;4,51%;480.000.000,00;0,19%;3.636.052.740,79;3,33%;1.484.648.663,06;1,36%;0;0,00%;0;0,00%;1.671.404.077,73;1,53%;0;0,00%;480.000.000,00;0,44%;10.057.179.695,48;6,86%;9.874.400.178,03;6,73%;0;0,00%;38.903.144,29;0,03%;143.876.373,15;0,10%
Ceará;11.085.176.200,40;4,33%;0;0,00%;0;0,00%;1.608.010.982,47;0,63%;345.159.206,92;0,13%;7.559.383.788,77;2,95%;1.572.622.222,24;0,61%;3.629.671.172,72;3,32%;103.878.761,09;0,10%;0;0,00%;0;0,00%;1.608.010.982,47;1,47%;345.159.206,92;0,32%;1.572.622.222,24;1,44%;7.455.505.027,67;5,08%;7.325.768.002,39;5,00%;36.519.330,30;0,02%;1.272.383,51;0,00%;91.945.311,47;0,06%
Rio Grande do Sul;10.044.071.168,24;3,92%;0;0,00%;8.139.463,63;0,00%;1.411.415.538,34;0,55%;0;0,00%;8.624.516.166,27;3,37%;0;0,00%;1.419.555.001,97;1,30%;0;0,00%;0;0,00%;8.139.463,63;0,01%;1.411.415.538,34;1,29%;0;0,00%;0;0,00%;8.624.516.166,27;5,88%;8.624.516.166,27;5,88%;0;0,00%;0;0,00%;0;0,00%
Santa Catarina;9.802.996.633,09;3,83%;0;0,00%;0;0,00%;3.617.431.039,41;1,41%;0;0,00%;4.469.436.561,42;1,75%;1.716.129.032,26;0,67%;6.648.061.040,30;6,08%;1.314.500.968,63;1,20%;0;0,00%;0;0,00%;3.617.431.039,41;3,31%;0;0,00%;1.716.129.032,26;1,57%;3.154.935.592,79;2,15%;3.154.935.592,79;2,15%;0;0,00%;0;0,00%;0;0,00%
Pernambuco;9.191.267.123,80;3,59%;0;0,00%;0;0,00%;1.311.590.326,71;0,51%;0;0,00%;7.730.509.685,98;3,02%;149.167.111,11;0,06%;1.597.732.253,38;1,46%;136.974.815,56;0,13%;0;0,00%;0;0,00%;1.311.590.326,71;1,20%;0;0,00%;149.167.111,11;0,14%;7.593.534.870,42;5,18%;7.584.500.865,98;5,17%;9.034.004,44;0,01%;0;0,00%;0;0,00%
Goiás;8.711.573.922,46;3,40%;0;0,00%;0;0,00%;4.523.883.881,84;1,77%;0;0,00%;2.255.416.598,62;0,88%;1.932.273.442,00;0,76%;8.671.102.130,56;7,93%;2.214.944.806,72;2,03%;0;0,00%;0;0,00%;4.523.883.881,84;4,14%;0;0,00%;1.932.273.442,00;1,77%;40.471.791,90;0,03%;40.471.791,90;0,03%;0;0,00%;0;0,00%;0;0,00%
Amazonas;5.780.763.151,55;2,26%;0;0,00%;0;0,00%;412.438.391,71;0,16%;0;0,00%;3.869.950.856,47;1,51%;1.498.373.903,37;0,59%;1.910.812.295,08;1,75%;0;0,00%;0;0,00%;0;0,00%;412.438.391,71;0,38%;0;0,00%;1.498.373.903,37;1,37%;3.869.950.856,47;2,64%;3.869.950.856,47;2,64%;0;0,00%;0;0,00%;0;0,00%
Espírito Santo;4.981.331.057,14;1,95%;0;0,00%;0;0,00%;2.999.037.475,56;1,17%;816.301.312,85;0,32%;1.165.992.268,73;0,46%;0;0,00%;3.815.338.788,41;3,49%;0;0,00%;0;0,00%;0;0,00%;2.999.037.475,56;2,74%;816.301.312,85;0,75%;0;0,00%;1.165.992.268,73;0,80%;1.165.992.268,73;0,80%;0;0,00%;0;0,00%;0;0,00%
Maranhão;4.852.114.723,84;1,90%;0;0,00%;0;0,00%;2.861.504.037,33;1,12%;0;0,00%;1.560.800.328,31;0,61%;429.810.358,20;0,17%;3.291.314.395,53;3,01%;0;0,00%;0;0,00%;0;0,00%;2.861.504.037,33;2,62%;0;0,00%;429.810.358,20;0,39%;1.560.800.328,31;1,06%;1.560.800.328,31;1,06%;0;0,00%;0;0,00%;0;0,00%
Piauí;4.007.165.534,49;1,57%;0;0,00%;0;0,00%;575.947.378,30;0,23%;0;0,00%;3.148.301.489,53;1,23%;282.916.666,66;0,11%;1.602.435.542,15;1,47%;743.571.497,19;0,68%;0;0,00%;0;0,00%;575.947.378,30;0,53%;0;0,00%;282.916.666,66;0,26%;2.404.729.992,34;1,64%;2.353.939.698,53;1,61%;0;0,00%;0;0,00%;50.790.293,81;0,03%
Paraná;3.002.837.878,63;1,17%;0;0,00%;0;0,00%;931.228.446,81;0,36%;0;0,00%;2.071.609.431,82;0,81%;0;0,00%;931.228.446,81;0,85%;0;0,00%;0;0,00%;0;0,00%;931.228.446,81;0,85%;0;0,00%;0;0,00%;2.071.609.431,82;1,41%;1.905.185.457,30;1,30%;0;0,00%;166.423.974,52;0,11%;0;0,00%
Mato Grosso;2.908.190.113,17;1,14%;0;0,00%;0;0,00%;1.329.228.699,82;0,52%;0;0,00%;1.045.909.887,22;0,41%;533.051.526,13;0,21%;1.862.280.225,95;1,70%;0;0,00%;0;0,00%;0;0,00%;1.329.228.699,82;1,22%;0;0,00%;533.051.526,13;0,49%;1.045.909.887,22;0,71%;1.045.909.887,22;0,71%;0;0,00%;0;0,00%;0;0,00%
Alagoas;2.501.608.043,78;0,98%;0;0,00%;0;0,00%;596.936.703,59;0,23%;0;0,00%;1.619.338.006,85;0,63%;285.333.333,34;0,11%;882.270.036,93;0,81%;0;0,00%;0;0,00%;0;0,00%;596.936.703,59;0,55%;0;0,00%;285.333.333,34;0,26%;1.619.338.006,85;1,10%;1.619.338.006,85;1,10%;0;0,00%;0;0,00%;0;0,00%
Acre;2.425.705.474,03;0,95%;0;0,00%;0;0,00%;610.964.984,52;0,24%;0;0,00%;1.814.740.489,51;0,71%;0;0,00%;610.964.984,52;0,56%;0;0,00%;0;0,00%;0;0,00%;610.964.984,52;0,56%;0;0,00%;0;0,00%;1.814.740.489,51;1,24%;1.814.740.489,51;1,24%;0;0,00%;0;0,00%;0;0,00%
Tocantins;2.349.147.234,97;0,92%;0;0,00%;0;0,00%;418.173.745,41;0,16%;0;0,00%;1.679.360.586,34;0,66%;251.612.903,22;0,10%;1.183.014.716,50;1,08%;513.228.067,87;0,47%;0;0,00%;0;0,00%;418.173.745,41;0,38%;0;0,00%;251.612.903,22;0,23%;1.166.132.518,47;0,80%;1.166.132.518,47;0,80%;0;0,00%;0;0,00%;0;0,00%
Pará;2.312.352.381,13;0,90%;0;0,00%;0;0,00%;742.485.338,93;0,29%;0;0,00%;1.086.990.148,98;0,42%;482.876.893,22;0,19%;1.225.362.232,15;1,12%;0;0,00%;0;0,00%;0;0,00%;742.485.338,93;0,68%;0;0,00%;482.876.893,22;0,44%;1.086.990.148,98;0,74%;981.443.519,52;0,67%;0;0,00%;105.546.629,46;0,07%;0;0,00%
Distrito Federal;2.243.113.582,53;0,88%;0;0,00%;0;0,00%;289.714.368,25;0,11%;0;0,00%;1.515.074.883,48;0,59%;438.324.330,80;0,17%;1.317.017.947,03;1,20%;588.979.247,98;0,54%;0;0,00%;0;0,00%;289.714.368,25;0,27%;0;0,00%;438.324.330,80;0,40%;926.095.635,50;0,63%;926.095.635,50;0,63%;0;0,00%;0;0,00%;0;0,00%
Mato Grosso do Sul;1.996.465.655,00;0,78%;0;0,00%;0;0,00%;707.141.867,29;0,28%;0;0,00%;1.289.323.787,71;0,50%;0;0,00%;707.141.867,29;0,65%;0;0,00%;0;0,00%;0;0,00%;707.141.867,29;0,65%;0;0,00%;0;0,00%;1.289.323.787,71;0,88%;1.289.323.787,71;0,88%;0;0,00%;0;0,00%;0;0,00%
Sergipe;1.607.520.366,76;0,63%;0;0,00%;0;0,00%;552.260.724,70;0,22%;114.220.467,16;0,04%;941.039.174,90;0,37%;0;0,00%;666.481.191,86;0,61%;0;0,00%;0;0,00%;0;0,00%;552.260.724,70;0,51%;114.220.467,16;0,10%;0;0,00%;941.039.174,90;0,64%;896.636.575,62;0,61%;0;0,00%;0;0,00%;44.402.599,28;0,03%
Rio Grande do Norte;1.556.987.601,55;0,61%;0;0,00%;0;0,00%;497.862.357,46;0,19%;0;0,00%;1.059.125.244,09;0,41%;0;0,00%;536.259.565,38;0,49%;38.397.207,92;0,04%;0;0,00%;0;0,00%;497.862.357,46;0,46%;0;0,00%;0;0,00%;1.020.728.036,17;0,70%;1.020.728.036,17;0,70%;0;0,00%;0;0,00%;0;0,00%
Amapá;1.486.048.645,07;0,58%;0;0,00%;0;0,00%;1.486.048.645,07;0,58%;0;0,00%;0;0,00%;0;0,00%;1.486.048.645,07;1,36%;0;0,00%;0;0,00%;0;0,00%;1.486.048.645,07;1,36%;0;0,00%;0;0,00%;0;0,00%;0;0,00%;0;0,00%;0;0,00%;0;0,00%
Paraíba;1.393.012.550,03;0,54%;0;0,00%;0;0,00%;1.011.394.119,90;0,40%;0;0,00%;381.618.430,13;0,15%;0;0,00%;1.011.394.119,90;0,93%;0;0,00%;0;0,00%;0;0,00%;1.011.394.119,90;0,93%;0;0,00%;0;0,00%;381.618.430,13;0,26%;320.998.821,90;0,22%;0;0,00%;0;0,00%;60.619.608,23;0,04%
Roraima;712.730.904,00;0,28%;0;0,00%;0;0,00%;712.730.904,00;0,28%;0;0,00%;0;0,00%;0;0,00%;712.730.904,00;0,65%;0;0,00%;0;0,00%;0;0,00%;712.730.904,00;0,65%;0;0,00%;0;0,00%;0;0,00%;0;0,00%;0;0,00%;0;0,00%;0;0,00%
Rondônia;331.338.003,56;0,13%;0;0,00%;0;0,00%;310.244.731,99;0,12%;0;0,00%;21.093.271,57;0,01%;0;0,00%;310.244.731,99;0,28%;0;0,00%;0;0,00%;0;0,00%;310.244.731,99;0,28%;0;0,00%;0;0,00%;21.093.271,57;0,01%;21.093.271,57;0,01%;0;0,00%;0;0,00%;0;0,00%
Municípios;19.475.684.466,14;7,61%;226.687.463,67;0,09%;0;0,00%;2.121.116.946,02;0,83%;1.015.907.891,70;0,40%;14.615.815.692,43;5,71%;1.496.156.472,32;0,58%;4.859.868.773,71;4,45%;0;0,00%;226.687.463,67;0,21%;0;0,00%;2.121.116.946,02;1,94%;1.015.907.891,70;0,93%;1.496.156.472,32;1,37%;14.615.815.692,43;9,97%;14.354.337.004,94;9,79%;166.749.078,05;0,11%;94.729.609,45;0,06%;0;0,00%
Rio de Janeiro;6.710.872.826,24;2,62%;226.687.463,67;0,09%;0;0,00%;1.895.919.653,03;0,74%;0;0,00%;4.588.265.709,54;1,79%;0;0,00%;2.122.607.116,70;1,94%;0;0,00%;226.687.463,67;0,21%;0;0,00%;1.895.919.653,03;1,73%;0;0,00%;0;0,00%;4.588.265.709,54;3,13%;4.588.265.709,54;3,13%;0;0,00%;0;0,00%;0;0,00%
Manaus;1.435.125.484,98;0,56%;0;0,00%;0;0,00%;0;0,00%;0;0,00%;969.649.294,50;0,38%;465.476.190,48;0,18%;465.476.190,48;0,43%;0;0,00%;0;0,00%;0;0,00%;0;0,00%;0;0,00%;465.476.190,48;0,43%;969.649.294,50;0,66%;969.649.294,50;0,66%;0;0,00%;0;0,00%;0;0,00%
Fortaleza;1.410.934.541,22;0,55%;0;0,00%;0;0,00%;52.481.335,25;0,02%;127.165.118,59;0,05%;1.031.288.087,38;0,40%;200.000.000,00;0,08%;379.646.453,84;0,35%;0;0,00%;0;0,00%;0;0,00%;52.481.335,25;0,05%;127.165.118,59;0,12%;200.000.000,00;0,18%;1.031.288.087,38;0,70%;1.031.288.087,38;0,70%;0;0,00%;0;0,00%;0;0,00%
Belo Horizonte;1.356.800.661,12;0,53%;0;0,00%;0;0,00%;0;0,00%;0;0,00%;1.242.674.288,76;0,49%;114.126.372,36;0,04%;114.126.372,36;0,10%;0;0,00%;0;0,00%;0;0,00%;0;0,00%;0;0,00%;114.126.372,36;0,10%;1.242.674.288,76;0,85%;1.242.674.288,76;0,85%;0;0,00%;0;0,00%;0;0,00%
São Bernardo do Campo;1.233.228.943,19;0,48%;0;0,00%;0;0,00%;0;0,00%;0;0,00%;1.233.228.943,19;0,48%;0;0,00%;0;0,00%;0;0,00%;0;0,00%;0;0,00%;0;0,00%;0;0,00%;0;0,00%;1.233.228.943,19;0,84%;1.233.228.943,19;0,84%;0;0,00%;0;0,00%;0;0,00%
São Paulo;741.531.440,40;0,29%;0;0,00%;0;0,00%;0;0,00%;169.457,29;0,00%;339.070.316,46;0,13%;402.291.666,65;0,16%;402.461.123,94;0,37%;0;0,00%;0;0,00%;0;0,00%;0;0,00%;169.457,29;0,00%;402.291.666,65;0,37%;339.070.316,46;0,23%;339.070.316,46;0,23%;0;0,00%;0;0,00%;0;0,00%
Porto Alegre;547.170.048,36;0,21%;0;0,00%;0;0,00%;137.865.151,48;0,05%;0;0,00%;409.304.896,88;0,16%;0;0,00%;137.865.151,48;0,13%;0;0,00%;0;0,00%;0;0,00%;137.865.151,48;0,13%;0;0,00%;0;0,00%;409.304.896,88;0,28%;409.304.896,88;0,28%;0;0,00%;0;0,00%;0;0,00%
Mauá;531.909.694,90;0,21%;0;0,00%;0;0,00%;0;0,00%;531.909.694,90;0,21%;0;0,00%;0;0,00%;531.909.694,90;0,49%;0;0,00%;0;0,00%;0;0,00%;0;0,00%;531.909.694,90;0,49%;0;0,00%;0;0,00%;0;0,00%;0;0,00%;0;0,00%;0;0,00%
Recife;435.821.449,67;0,17%;0;0,00%;0;0,00%;0;0,00%;0;0,00%;435.821.449,67;0,17%;0;0,00%;0;0,00%;0;0,00%;0;0,00%;0;0,00%;0;0,00%;0;0,00%;0;0,00%;435.821.449,67;0,30%;435.821.449,67;0,30%;0;0,00%;0;0,00%;0;0,00%
Curitiba;395.175.613,38;0,15%;0;0,00%;0;0,00%;11.117.801,59;0,00%;0;0,00%;384.057.811,79;0,15%;0;0,00%;11.117.801,59;0,01%;0;0,00%;0;0,00%;0;0,00%;11.117.801,59;0,01%;0;0,00%;0;0,00%;384.057.811,79;0,26%;158.305.945,69;0,11%;131.022.256,66;0,09%;94.729.609,45;0,06%;0;0,00%
Salvador;332.026.612,48;0,13%;0;0,00%;0;0,00%;0;0,00%;0;0,00%;319.026.612,48;0,12%;13.000.000,00;0,01%;13.000.000,00;0,01%;0;0,00%;0;0,00%;0;0,00%;0;0,00%;0;0,00%;13.000.000,00;0,01%;319.026.612,48;0,22%;319.026.612,48;0,22%;0;0,00%;0;0,00%;0;0,00%
Goiânia;307.917.537,46;0,12%;0;0,00%;0;0,00%;0;0,00%;0;0,00%;177.917.537,46;0,07%;130.000.000,00;0,05%;130.000.000,00;0,12%;0;0,00%;0;0,00%;0;0,00%;0;0,00%;0;0,00%;130.000.000,00;0,12%;177.917.537,46;0,12%;177.917.537,46;0,12%;0;0,00%;0;0,00%;0;0,00%
São José dos Campos;285.124.440,37;0,11%;0;0,00%;0;0,00%;0;0,00%;0;0,00%;285.124.440,37;0,11%;0;0,00%;0;0,00%;0;0,00%;0;0,00%;0;0,00%;0;0,00%;0;0,00%;0;0,00%;285.124.440,37;0,19%;285.124.440,37;0,19%;0;0,00%;0;0,00%;0;0,00%
Niterói;264.987.350,32;0,10%;0;0,00%;0;0,00%;0;0,00%;0;0,00%;264.987.350,32;0,10%;0;0,00%;0;0,00%;0;0,00%;0;0,00%;0;0,00%;0;0,00%;0;0,00%;0;0,00%;264.987.350,32;0,18%;264.987.350,32;0,18%;0;0,00%;0;0,00%;0;0,00%
Teresina;223.145.505,85;0,09%;0;0,00%;0;0,00%;0;0,00%;0;0,00%;170.960.643,98;0,07%;52.184.861,87;0,02%;52.184.861,87;0,05%;0;0,00%;0;0,00%;0;0,00%;0;0,00%;0;0,00%;52.184.861,87;0,05%;170.960.643,98;0,12%;170.960.643,98;0,12%;0;0,00%;0;0,00%;0;0,00%
Belém;211.646.040,33;0,08%;0;0,00%;0;0,00%;0;0,00%;0;0,00%;211.646.040,33;0,08%;0;0,00%;0;0,00%;0;0,00%;0;0,00%;0;0,00%;0;0,00%;0;0,00%;0;0,00%;211.646.040,33;0,14%;211.646.040,33;0,14%;0;0,00%;0;0,00%;0;0,00%
Natal;201.019.445,59;0,08%;0;0,00%;0;0,00%;0;0,00%;201.019.445,59;0,08%;0;0,00%;0;0,00%;201.019.445,59;0,18%;0;0,00%;0;0,00%;0;0,00%;0;0,00%;201.019.445,59;0,18%;0;0,00%;0;0,00%;0;0,00%;0;0,00%;0;0,00%;0;0,00%
Florianópolis;192.884.387,36;0,08%;0;0,00%;0;0,00%;0;0,00%;0;0,00%;192.884.387,36;0,08%;0;0,00%;0;0,00%;0;0,00%;0;0,00%;0;0,00%;0;0,00%;0;0,00%;0;0,00%;192.884.387,36;0,13%;192.884.387,36;0,13%;0;0,00%;0;0,00%;0;0,00%
Blumenau;191.691.326,11;0,07%;0;0,00%;0;0,00%;0;0,00%;0;0,00%;191.691.326,11;0,07%;0;0,00%;0;0,00%;0;0,00%;0;0,00%;0;0,00%;0;0,00%;0;0,00%;0;0,00%;191.691.326,11;0,13%;191.691.326,11;0,13%;0;0,00%;0;0,00%;0;0,00%
Taubaté;188.260.196,53;0,07%;0;0,00%;0;0,00%;0;0,00%;0;0,00%;188.260.196,53;0,07%;0;0,00%;0;0,00%;0;0,00%;0;0,00%;0;0,00%;0;0,00%;0;0,00%;0;0,00%;188.260.196,53;0,13%;188.260.196,53;0,13%;0;0,00%;0;0,00%;0;0,00%
Campo Grande;165.712.550,13;0,06%;0;0,00%;0;0,00%;0;0,00%;0;0,00%;165.712.550,13;0,06%;0;0,00%;0;0,00%;0;0,00%;0;0,00%;0;0,00%;0;0,00%;0;0,00%;0;0,00%;165.712.550,13;0,11%;165.712.550,13;0,11%;0;0,00%;0;0,00%;0;0,00%
Canoas;145.553.055,51;0,06%;0;0,00%;0;0,00%;0;0,00%;0;0,00%;145.553.055,51;0,06%;0;0,00%;0;0,00%;0;0,00%;0;0,00%;0;0,00%;0;0,00%;0;0,00%;0;0,00%;145.553.055,51;0,10%;145.553.055,51;0,10%;0;0,00%;0;0,00%;0;0,00%
Joinville;113.349.243,87;0,04%;0;0,00%;0;0,00%;0;0,00%;0;0,00%;113.349.243,87;0,04%;0;0%;0;0%;0;0,00%;0;0,00%;0;0,00%;0;0,00%;0;0,00%;0;0%;113.349.243,87;0,08%;113.349.243,87;0,08%;0;0,00%;0;0,00%;0;0,00%
Cascavel;110.554.737,39;0,04%;0;0,00%;0;0,00%;0;0,00%;0;0,00%;110.554.737,39;0,04%;0;0,00%;0;0,00%;0;0,00%;0;0,00%;0;0,00%;0;0,00%;0;0,00%;0;0,00%;110.554.737,39;0,08%;110.554.737,39;0,08%;0;0,00%;0;0,00%;0;0,00%
Aparecida de Goiânia;105.805.875,08;0,04%;0;0,00%;0;0,00%;0;0,00%;0;0,00%;105.805.875,08;0,04%;0;0,00%;0;0,00%;0;0,00%;0;0,00%;0;0,00%;0;0,00%;0;0,00%;0;0,00%;105.805.875,08;0,07%;105.805.875,08;0,07%;0;0,00%;0;0,00%;0;0,00%
São Luís;105.661.959,66;0,04%;0;0,00%;0;0,00%;0;0,00%;0;0,00%;105.661.959,66;0,04%;0;0,00%;0;0,00%;0;0,00%;0;0,00%;0;0,00%;0;0,00%;0;0,00%;0;0,00%;105.661.959,66;0,07%;105.661.959,66;0,07%;0;0,00%;0;0,00%;0;0,00%
Ribeirão Preto;103.822.777,80;0,04%;0;0,00%;0;0,00%;23.733.004,67;0,01%;80.089.773,13;0,03%;0;0,00%;0;0,00%;103.822.777,80;0,09%;0;0,00%;0;0,00%;0;0,00%;23.733.004,67;0,02%;80.089.773,13;0,07%;0;0,00%;0;0,00%;0;0,00%;0;0,00%;0;0,00%;0;0,00%
Vitória;103.665.448,23;0,04%;0;0,00%;0;0,00%;0;0,00%;0;0,00%;103.665.448,23;0,04%;0;0,00%;0;0,00%;0;0,00%;0;0,00%;0;0,00%;0;0,00%;0;0,00%;0;0,00%;103.665.448,23;0,07%;103.665.448,23;0,07%;0;0,00%;0;0,00%;0;0,00%
Hortolândia;92.170.181,23;0,04%;0;0,00%;0;0,00%;0;0,00%;0;0,00%;92.170.181,23;0,04%;0;0,00%;0;0,00%;0;0,00%;0;0,00%;0;0,00%;0;0,00%;0;0,00%;0;0,00%;92.170.181,23;0,06%;92.170.181,23;0,06%;0;0,00%;0;0,00%;0;0,00%
Aracaju;82.434.677,83;0,03%;0;0,00%;0;0,00%;0;0,00%;0;0,00%;82.434.677,83;0,03%;0;0,00%;0;0,00%;0;0,00%;0;0,00%;0;0,00%;0;0,00%;0;0,00%;0;0,00%;82.434.677,83;0,06%;82.434.677,83;0,06%;0;0,00%;0;0,00%;0;0,00%
Novo Hamburgo;77.993.936,78;0,03%;0;0,00%;0;0,00%;0;0,00%;0;0,00%;77.993.936,78;0,03%;0;0,00%;0;0,00%;0;0,00%;0;0,00%;0;0,00%;0;0,00%;0;0,00%;0;0,00%;77.993.936,78;0,05%;77.993.936,78;0,05%;0;0,00%;0;0,00%;0;0,00%
Corumbá;75.633.657,29;0,03%;0;0,00%;0;0,00%;0;0,00%;0;0,00%;75.633.657,29;0,03%;0;0,00%;0;0,00%;0;0,00%;0;0,00%;0;0,00%;0;0,00%;0;0,00%;0;0,00%;75.633.657,29;0,05%;75.633.657,29;0,05%;0;0,00%;0;0,00%;0;0,00%
Santos;73.197.132,51;0,03%;0;0,00%;0;0,00%;0;0,00%;0;0,00%;73.197.132,51;0,03%;0;0,00%;0;0,00%;0;0,00%;0;0,00%;0;0,00%;0;0,00%;0;0,00%;0;0,00%;73.197.132,51;0,05%;73.197.132,51;0,05%;0;0,00%;0;0,00%;0;0,00%
Caxias do Sul;72.192.898,88;0,03%;0;0,00%;0;0,00%;0;0,00%;0;0,00%;72.192.898,88;0,03%;0;0,00%;0;0,00%;0;0,00%;0;0,00%;0;0,00%;0;0,00%;0;0,00%;0;0,00%;72.192.898,88;0,05%;72.192.898,88;0,05%;0;0,00%;0;0,00%;0;0,00%
Serra;60.750.000,00;0,02%;0;0,00%;0;0,00%;0;0,00%;0;0,00%;0;0,00%;60.750.000,00;0,02%;60.750.000,00;0,06%;0;0,00%;0;0,00%;0;0,00%;0;0,00%;0;0,00%;60.750.000,00;0,06%;0;0,00%;0;0,00%;0;0,00%;0;0,00%;0;0,00%
Toledo;55.679.783,99;0,02%;0;0,00%;0;0,00%;0;0,00%;0;0,00%;55.679.783,99;0,02%;0;0,00%;0;0,00%;0;0,00%;0;0,00%;0;0,00%;0;0,00%;0;0,00%;0;0,00%;55.679.783,99;0,04%;19.952.962,60;0,01%;35.726.821,39;0,02%;0;0,00%;0;0,00%
Paranaguá;48.377.458,68;0,02%;0;0,00%;0;0,00%;0;0,00%;0;0,00%;48.377.458,68;0,02%;0;0,00%;0;0,00%;0;0,00%;0;0,00%;0;0,00%;0;0,00%;0;0,00%;0;0,00%;48.377.458,68;0,03%;48.377.458,68;0,03%;0;0,00%;0;0,00%;0;0,00%
Sete Lagoas;42.012.537,58;0,02%;0;0,00%;0;0,00%;0;0,00%;42.012.537,58;0,02%;0;0,00%;0;0,00%;42.012.537,58;0,04%;0;0,00%;0;0,00%;0;0,00%;0;0,00%;42.012.537,58;0,04%;0;0,00%;0;0,00%;0;0,00%;0;0,00%;0;0,00%;0;0,00%
Alagoinhas;39.612.711,93;0,02%;0;0,00%;0;0,00%;0;0,00%;0;0,00%;39.612.711,93;0,02%;0;0,00%;0;0,00%;0;0,00%;0;0,00%;0;0,00%;0;0,00%;0;0,00%;0;0,00%;39.612.711,93;0,03%;39.612.711,93;0,03%;0;0,00%;0;0,00%;0;0,00%
Rio Branco;38.327.380,96;0,01%;0;0,00%;0;0,00%;0;0,00%;0;0,00%;0;0,00%;38.327.380,96;0,01%;38.327.380,96;0,04%;0;0,00%;0;0,00%;0;0,00%;0;0,00%;0;0,00%;38.327.380,96;0,04%;0;0,00%;0;0,00%;0;0,00%;0;0,00%;0;0,00%
Caucaia;37.423.961,49;0,01%;0;0,00%;0;0,00%;0;0,00%;0;0,00%;37.423.961,49;0,01%;0;0,00%;0;0,00%;0;0,00%;0;0,00%;0;0,00%;0;0,00%;0;0,00%;0;0,00%;37.423.961,49;0,03%;37.423.961,49;0,03%;0;0,00%;0;0,00%;0;0,00%
Colatina;35.966.303,70;0,01%;0;0,00%;0;0,00%;0;0,00%;0;0,00%;35.966.303,70;0,01%;0;0,00%;0;0,00%;0;0,00%;0;0,00%;0;0,00%;0;0,00%;0;0,00%;0;0,00%;35.966.303,70;0,02%;35.966.303,70;0,02%;0;0,00%;0;0,00%;0;0,00%
Itajaí;33.901.331,27;0,01%;0;0,00%;0;0,00%;0;0,00%;0;0,00%;33.901.331,27;0,01%;0;0,00%;0;0,00%;0;0,00%;0;0,00%;0;0,00%;0;0,00%;0;0,00%;0;0,00%;33.901.331,27;0,02%;33.901.331,27;0,02%;0;0,00%;0;0,00%;0;0,00%
Chapecó;33.695.215,02;0,01%;0;0,00%;0;0,00%;0;0,00%;0;0,00%;33.695.215,02;0,01%;0;0,00%;0;0,00%;0;0,00%;0;0,00%;0;0,00%;0;0,00%;0;0,00%;0;0,00%;33.695.215,02;0,02%;33.695.215,02;0,02%;0;0,00%;0;0,00%;0;0,00%
Maringá;31.790.372,70;0,01%;0;0,00%;0;0,00%;0;0,00%;0;0,00%;31.790.372,70;0,01%;0;0,00%;0;0,00%;0;0,00%;0;0,00%;0;0,00%;0;0,00%;0;0,00%;0;0,00%;31.790.372,70;0,02%;31.790.372,70;0,02%;0;0,00%;0;0,00%;0;0,00%
Passo Fundo;30.511.750,38;0,01%;0;0,00%;0;0,00%;0;0,00%;0;0,00%;30.511.750,38;0,01%;0;0,00%;0;0,00%;0;0,00%;0;0,00%;0;0,00%;0;0,00%;0;0,00%;0;0,00%;30.511.750,38;0,02%;30.511.750,38;0,02%;0;0,00%;0;0,00%;0;0,00%
Belford Roxo;29.594.865,77;0,01%;0;0,00%;0;0,00%;0;0,00%;0;0,00%;29.594.865,77;0,01%;0;0,00%;0;0,00%;0;0,00%;0;0,00%;0;0,00%;0;0,00%;0;0,00%;0;0,00%;29.594.865,77;0,02%;29.594.865,77;0,02%;0;0,00%;0;0,00%;0;0,00%
Pelotas;28.670.355,07;0,01%;0;0,00%;0;0,00%;0;0,00%;0;0,00%;28.670.355,07;0,01%;0;0,00%;0;0,00%;0;0,00%;0;0,00%;0;0,00%;0;0,00%;0;0,00%;0;0,00%;28.670.355,07;0,02%;28.670.355,07;0,02%;0;0,00%;0;0,00%;0;0,00%
Catanduva;27.212.061,84;0,01%;0;0,00%;0;0,00%;0;0,00%;0;0,00%;27.212.061,84;0,01%;0;0,00%;0;0,00%;0;0,00%;0;0,00%;0;0,00%;0;0,00%;0;0,00%;0;0,00%;27.212.061,84;0,02%;27.212.061,84;0,02%;0;0,00%;0;0,00%;0;0,00%
Santa Maria;26.481.697,51;0,01%;0;0,00%;0;0,00%;0;0,00%;0;0,00%;26.481.697,51;0,01%;0;0,00%;0;0,00%;0;0,00%;0;0,00%;0;0,00%;0;0,00%;0;0,00%;0;0,00%;26.481.697,51;0,02%;26.481.697,51;0,02%;0;0,00%;0;0,00%;0;0,00%
Uberaba;24.148.193,47;0,01%;0;0,00%;0;0,00%;0;0,00%;0;0,00%;24.148.193,47;0,01%;0;0,00%;0;0,00%;0;0,00%;0;0,00%;0;0,00%;0;0,00%;0;0,00%;0;0,00%;24.148.193,47;0,02%;24.148.193,47;0,02%;0;0,00%;0;0,00%;0;0,00%
Ponta Grossa;23.360.850,77;0,01%;0;0,00%;0;0,00%;0;0,00%;0;0,00%;23.360.850,77;0,01%;0;0,00%;0;0,00%;0;0,00%;0;0,00%;0;0,00%;0;0,00%;0;0,00%;0;0,00%;23.360.850,77;0,02%;23.360.850,77;0,02%;0;0,00%;0;0,00%;0;0,00%
Cachoeirinha;22.291.160,87;0,01%;0;0,00%;0;0,00%;0;0,00%;0;0,00%;22.291.160,87;0,01%;0;0,00%;0;0,00%;0;0,00%;0;0,00%;0;0,00%;0;0,00%;0;0,00%;0;0,00%;22.291.160,87;0,02%;22.291.160,87;0,02%;0;0,00%;0;0,00%;0;0,00%
Votuporanga;20.000.000,00;0,01%;0;0,00%;0;0,00%;0;0,00%;0;0,00%;0;0,00%;20.000.000,00;0,01%;20.000.000,00;0,02%;0;0,00%;0;0,00%;0;0,00%;0;0,00%;0;0,00%;20.000.000,00;0,02%;0;0,00%;0;0,00%;0;0,00%;0;0,00%;0;0,00%
Sobral;18.504.210,11;0,01%;0;0,00%;0;0,00%;0;0,00%;0;0,00%;18.504.210,11;0,01%;0;0,00%;0;0,00%;0;0,00%;0;0,00%;0;0,00%;0;0,00%;0;0,00%;0;0,00%;18.504.210,11;0,01%;18.504.210,11;0,01%;0;0,00%;0;0,00%;0;0,00%
Betim;17.451.910,18;0,01%;0;0,00%;0;0,00%;0;0,00%;0;0,00%;17.451.910,18;0,01%;0;0,00%;0;0,00%;0;0,00%;0;0,00%;0;0,00%;0;0,00%;0;0,00%;0;0,00%;17.451.910,18;0,01%;17.451.910,18;0,01%;0;0,00%;0;0,00%;0;0,00%
Bagé;14.889.700,65;0,01%;0;0,00%;0;0,00%;0;0,00%;0;0,00%;14.889.700,65;0,01%;0;0,00%;0;0,00%;0;0,00%;0;0,00%;0;0,00%;0;0,00%;0;0,00%;0;0,00%;14.889.700,65;0,01%;14.889.700,65;0,01%;0;0,00%;0;0,00%;0;0,00%
Maceió;13.620.287,51;0,01%;0;0,00%;0;0,00%;0;0,00%;0;0,00%;13.620.287,51;0,01%;0;0,00%;0;0,00%;0;0,00%;0;0,00%;0;0,00%;0;0,00%;0;0,00%;0;0,00%;13.620.287,51;0,01%;13.620.287,51;0,01%;0;0,00%;0;0,00%;0;0,00%
Rio Grande;13.497.210,40;0,01%;0;0,00%;0;0,00%;0;0,00%;0;0,00%;13.497.210,40;0,01%;0;0,00%;0;0,00%;0;0,00%;0;0,00%;0;0,00%;0;0,00%;0;0,00%;0;0,00%;13.497.210,40;0,01%;13.497.210,40;0,01%;0;0,00%;0;0,00%;0;0,00%
Campinas;13.179.342,51;0,01%;0;0,00%;0;0,00%;0;0,00%;0;0,00%;13.179.342,51;0,01%;0;0,00%;0;0,00%;0;0,00%;0;0,00%;0;0,00%;0;0,00%;0;0,00%;0;0,00%;13.179.342,51;0,01%;13.179.342,51;0,01%;0;0,00%;0;0,00%;0;0,00%
Santo André;11.326.883,33;0,00%;0;0,00%;0;0,00%;0;0,00%;0;0,00%;11.326.883,33;0,00%;0;0,00%;0;0,00%;0;0,00%;0;0,00%;0;0,00%;0;0,00%;0;0,00%;0;0,00%;11.326.883,33;0,01%;11.326.883,33;0,01%;0;0,00%;0;0,00%;0;0,00%
Sorocaba;7.092.266,55;0,00%;0;0,00%;0;0,00%;0;0,00%;0;0,00%;7.092.266,55;0,00%;0;0,00%;0;0,00%;0;0,00%;0;0,00%;0;0,00%;0;0,00%;0;0,00%;0;0,00%;7.092.266,55;0,00%;7.092.266,55;0,00%;0;0,00%;0;0,00%;0;0,00%
Ponta Porã;7.014.268,02;0,00%;0;0,00%;0;0,00%;0;0,00%;7.014.268,02;0,00%;0;0,00%;0;0,00%;7.014.268,02;0,01%;0;0,00%;0;0,00%;0;0,00%;0;0,00%;7.014.268,02;0,01%;0;0,00%;0;0,00%;0;0,00%;0;0,00%;0;0,00%;0;0,00%
Gurupi;6.779.607,98;0,00%;0;0,00%;0;0,00%;0;0,00%;6.779.607,98;0,00%;0;0,00%;0;0,00%;6.779.607,98;0,01%;0;0,00%;0;0,00%;0;0,00%;0;0,00%;6.779.607,98;0,01%;0;0,00%;0;0,00%;0;0,00%;0;0,00%;0;0,00%;0;0,00%
Uruguaiana;6.180.442,69;0,00%;0;0,00%;0;0,00%;0;0,00%;0;0,00%;6.180.442,69;0,00%;0;0,00%;0;0,00%;0;0,00%;0;0,00%;0;0,00%;0;0,00%;0;0,00%;0;0,00%;6.180.442,69;0,00%;6.180.442,69;0,00%;0;0,00%;0;0,00%;0;0,00%
Camaçari;5.381.532,68;0,00%;0;0,00%;0;0,00%;0;0,00%;0;0,00%;5.381.532,68;0,00%;0;0,00%;0;0,00%;0;0,00%;0;0,00%;0;0,00%;0;0,00%;0;0,00%;0;0,00%;5.381.532,68;0,00%;5.381.532,68;0,00%;0;0,00%;0;0,00%;0;0,00%
Palmas;4.576.863,88;0,00%;0;0,00%;0;0,00%;0;0,00%;0;0,00%;4.576.863,88;0,00%;0;0,00%;0;0,00%;0;0,00%;0;0,00%;0;0,00%;0;0,00%;0;0,00%;0;0,00%;4.576.863,88;0,00%;4.576.863,88;0,00%;0;0,00%;0;0,00%;0;0,00%
Mineiros;3.647.301,75;0,00%;0;0,00%;0;0,00%;0;0,00%;3.647.301,75;0,00%;0;0,00%;0;0,00%;3.647.301,75;0,00%;0;0,00%;0;0,00%;0;0,00%;0;0,00%;3.647.301,75;0,00%;0;0,00%;0;0,00%;0;0,00%;0;0,00%;0;0,00%;0;0,00%
Panambi;3.156.071,82;0,00%;0;0,00%;0;0,00%;0;0,00%;3.156.071,82;0,00%;0;0,00%;0;0,00%;3.156.071,82;0,00%;0;0,00%;0;0,00%;0;0,00%;0;0,00%;3.156.071,82;0,00%;0;0,00%;0;0,00%;0;0,00%;0;0,00%;0;0,00%;0;0,00%
Morro da Fumaça;2.603.072,76;0,00%;0;0,00%;0;0,00%;0;0,00%;2.603.072,76;0,00%;0;0,00%;0;0,00%;2.603.072,76;0,00%;0;0,00%;0;0,00%;0;0,00%;0;0,00%;2.603.072,76;0,00%;0;0,00%;0;0,00%;0;0,00%;0;0,00%;0;0,00%;0;0,00%
Paraíso das Águas;2.437.983,58;0,00%;0;0,00%;0;0,00%;0;0,00%;2.437.983,58;0,00%;0;0,00%;0;0,00%;2.437.983,58;0,00%;0;0,00%;0;0,00%;0;0,00%;0;0,00%;2.437.983,58;0,00%;0;0,00%;0;0,00%;0;0,00%;0;0,00%;0;0,00%;0;0,00%
Tapejara;2.353.954,16;0,00%;0;0,00%;0;0,00%;0;0,00%;2.353.954,16;0,00%;0;0,00%;0;0,00%;2.353.954,16;0,00%;0;0,00%;0;0,00%;0;0,00%;0;0,00%;2.353.954,16;0,00%;0;0,00%;0;0,00%;0;0,00%;0;0,00%;0;0,00%;0;0,00%
Massaranduba;1.741.332,44;0,00%;0;0,00%;0;0,00%;0;0,00%;1.741.332,44;0,00%;0;0,00%;0;0,00%;1.741.332,44;0,00%;0;0,00%;0;0,00%;0;0,00%;0;0,00%;1.741.332,44;0,00%;0;0,00%;0;0,00%;0;0,00%;0;0,00%;0;0,00%;0;0,00%
Morro Grande;1.689.952,28;0,00%;0;0,00%;0;0,00%;0;0,00%;1.689.952,28;0,00%;0;0,00%;0;0,00%;1.689.952,28;0,00%;0;0,00%;0;0,00%;0;0,00%;0;0,00%;1.689.952,28;0,00%;0;0,00%;0;0,00%;0;0,00%;0;0,00%;0;0,00%;0;0,00%
Prudentópolis;1.663.708,37;0,00%;0;0,00%;0;0,00%;0;0,00%;1.663.708,37;0,00%;0;0,00%;0;0,00%;1.663.708,37;0,00%;0;0,00%;0;0,00%;0;0,00%;0;0,00%;1.663.708,37;0,00%;0;0,00%;0;0,00%;0;0,00%;0;0,00%;0;0,00%;0;0,00%
Maracanaú;1.612.280,00;0,00%;0;0,00%;0;0,00%;0;0,00%;0;0,00%;1.612.280,00;0,00%;0;0,00%;0;0,00%;0;0,00%;0;0,00%;0;0,00%;0;0,00%;0;0,00%;0;0,00%;1.612.280,00;0,00%;1.612.280,00;0,00%;0;0,00%;0;0,00%;0;0,00%
Sonora;346.704,51;0,00%;0;0,00%;0;0,00%;0;0,00%;346.704,51;0,00%;0;0,00%;0;0,00%;346.704,51;0,00%;0;0,00%;0;0,00%;0;0,00%;0;0,00%;346.704,51;0,00%;0;0,00%;0;0,00%;0;0,00%;0;0,00%;0;0,00%;0;0,00%
Passos Maia;107.906,95;0,00%;0;0,00%;0;0,00%;0;0,00%;107.906,95;0,00%;0;0,00%;0;0,00%;107.906,95;0,00%;0;0,00%;0;0,00%;0;0,00%;0;0,00%;107.906,95;0,00%;0;0,00%;0;0,00%;0;0,00%;0;0,00%;0;0,00%;0;0,00%
Garça;0;0%;0;0,00%;0;0,00%;0;0,00%;0;0,00%;0;0,00%;0;0%;0;0%;0;0,00%;0;0,00%;0;0,00%;0;0,00%;0;0,00%;0;0%;0;0,00%;0;0,00%;0;0,00%;0;0,00%;0;0,00%
Santa Vitória;0;0%;0;0,00%;0;0,00%;0;0,00%;0;0,00%;0;0,00%;0;0%;0;0%;0;0,00%;0;0,00%;0;0,00%;0;0,00%;0;0,00%;0;0%;0;0,00%;0;0,00%;0;0,00%;0;0,00%;0;0,00%
Entre Rios;0;0%;0;0,00%;0;0,00%;0;0,00%;0;0,00%;0;0,00%;0;0%;0;0%;0;0,00%;0;0,00%;0;0,00%;0;0,00%;0;0,00%;0;0%;0;0,00%;0;0,00%;0;0,00%;0;0,00%;0;0,00%
Tio Hugo;0;0%;0;0,00%;0;0,00%;0;0,00%;0;0,00%;0;0,00%;0;0%;0;0%;0;0,00%;0;0,00%;0;0,00%;0;0,00%;0;0,00%;0;0%;0;0,00%;0;0,00%;0;0,00%;0;0,00%;0;0,00%
Araquari;0;0%;0;0,00%;0;0,00%;0;0,00%;0;0,00%;0;0,00%;0;0%;0;0%;0;0,00%;0;0,00%;0;0,00%;0;0,00%;0;0,00%;0;0%;0;0,00%;0;0,00%;0;0,00%;0;0,00%;0;0,00%
Araguaína;0;0%;0;0,00%;0;0,00%;0;0,00%;0;0,00%;0;0%;0;0,00%;0;0,00%;0;0,00%;0;0,00%;0;0,00%;0;0,00%;0;0,00%;0;0,00%;0;0%;0;0%;0;0,00%;0;0,00%;0;0,00%
Castro;0;0%;0;0,00%;0;0,00%;0;0,00%;0;0,00%;0;0,00%;0;0%;0;0%;0;0,00%;0;0,00%;0;0,00%;0;0,00%;0;0,00%;0;0%;0;0,00%;0;0,00%;0;0,00%;0;0,00%;0;0,00%
Ivinhema;0;0%;0;0,00%;0;0,00%;0;0,00%;0;0,00%;0;0,00%;0;0%;0;0%;0;0,00%;0;0,00%;0;0,00%;0;0,00%;0;0,00%;0;0%;0;0,00%;0;0,00%;0;0,00%;0;0,00%;0;0,00%
Aquidauana;0;0%;0;0,00%;0;0,00%;0;0,00%;0;0,00%;0;0,00%;0;0%;0;0%;0;0,00%;0;0,00%;0;0,00%;0;0,00%;0;0,00%;0;0%;0;0,00%;0;0,00%;0;0,00%;0;0,00%;0;0,00%
São Gabriel do Oeste;0;0%;0;0,00%;0;0,00%;0;0,00%;0;0,00%;0;0,00%;0;0%;0;0%;0;0,00%;0;0,00%;0;0,00%;0;0,00%;0;0,00%;0;0%;0;0,00%;0;0,00%;0;0,00%;0;0,00%;0;0,00%
Caarapó;0;0%;0;0,00%;0;0,00%;0;0,00%;0;0,00%;0;0,00%;0;0%;0;0%;0;0,00%;0;0,00%;0;0,00%;0;0,00%;0;0,00%;0;0%;0;0,00%;0;0,00%;0;0,00%;0;0,00%;0;0,00%
Costa Rica;0;0%;0;0,00%;0;0,00%;0;0,00%;0;0,00%;0;0,00%;0;0%;0;0%;0;0,00%;0;0,00%;0;0,00%;0;0,00%;0;0,00%;0;0%;0;0,00%;0;0,00%;0;0,00%;0;0,00%;0;0,00%
Concórdia;0;0%;0;0,00%;0;0,00%;0;0,00%;0;0,00%;0;0,00%;0;0%;0;0%;0;0,00%;0;0,00%;0;0,00%;0;0,00%;0;0,00%;0;0%;0;0,00%;0;0,00%;0;0,00%;0;0,00%;0;0,00%
Cariacica;0;0%;0;0,00%;0;0,00%;0;0,00%;0;0,00%;0;0,00%;0;0%;0;0%;0;0,00%;0;0,00%;0;0,00%;0;0,00%;0;0,00%;0;0%;0;0,00%;0;0,00%;0;0,00%;0;0,00%;0;0,00%
Vale Real;0;0%;0;0,00%;0;0,00%;0;0,00%;0;0,00%;0;0,00%;0;0%;0;0%;0;0,00%;0;0,00%;0;0,00%;0;0,00%;0;0,00%;0;0%;0;0,00%;0;0,00%;0;0,00%;0;0,00%;0;0,00%
Jaquirana;0;0%;0;0,00%;0;0,00%;0;0,00%;0;0,00%;0;0,00%;0;0%;0;0%;0;0,00%;0;0,00%;0;0,00%;0;0,00%;0;0,00%;0;0%;0;0,00%;0;0,00%;0;0,00%;0;0,00%;0;0,00%
Timbó;0;0%;0;0,00%;0;0,00%;0;0,00%;0;0,00%;0;0,00%;0;0%;0;0%;0;0,00%;0;0,00%;0;0,00%;0;0,00%;0;0,00%;0;0%;0;0,00%;0;0,00%;0;0,00%;0;0,00%;0;0,00%
Contagem;0;0%;0;0,00%;0;0,00%;0;0,00%;0;0,00%;0;0%;0;0,00%;0;0,00%;0;0,00%;0;0,00%;0;0,00%;0;0,00%;0;0,00%;0;0,00%;0;0%;0;0%;0;0,00%;0;0,00%;0;0,00%
Jacareí;0;0%;0;0,00%;0;0,00%;0;0,00%;0;0,00%;0;0%;0;0,00%;0;0,00%;0;0,00%;0;0,00%;0;0,00%;0;0,00%;0;0,00%;0;0,00%;0;0%;0;0%;0;0,00%;0;0,00%;0;0,00%
Bom Jesus;0;0%;0;0,00%;0;0,00%;0;0,00%;0;0,00%;0;0,00%;0;0%;0;0%;0;0,00%;0;0,00%;0;0,00%;0;0,00%;0;0,00%;0;0%;0;0,00%;0;0,00%;0;0,00%;0;0,00%;0;0,00%
Cotiporã;0;0%;0;0,00%;0;0,00%;0;0,00%;0;0,00%;0;0,00%;0;0%;0;0%;0;0,00%;0;0,00%;0;0,00%;0;0,00%;0;0,00%;0;0%;0;0,00%;0;0,00%;0;0,00%;0;0,00%;0;0,00%
Alto Feliz;0;0%;0;0,00%;0;0,00%;0;0,00%;0;0,00%;0;0,00%;0;0%;0;0%;0;0,00%;0;0,00%;0;0,00%;0;0,00%;0;0,00%;0;0%;0;0,00%;0;0,00%;0;0,00%;0;0,00%;0;0,00%
Campinas das Missões;0;0%;0;0,00%;0;0,00%;0;0,00%;0;0,00%;0;0,00%;0;0%;0;0%;0;0,00%;0;0,00%;0;0,00%;0;0,00%;0;0,00%;0;0%;0;0,00%;0;0,00%;0;0,00%;0;0,00%;0;0,00%
Vila Velha;0;0%;0;0,00%;0;0,00%;0;0,00%;0;0,00%;0;0%;0;0,00%;0;0,00%;0;0,00%;0;0,00%;0;0,00%;0;0,00%;0;0,00%;0;0,00%;0;0%;0;0%;0;0,00%;0;0,00%;0;0,00%
Schroeder;0;0%;0;0,00%;0;0,00%;0;0,00%;0;0,00%;0;0,00%;0;0%;0;0%;0;0,00%;0;0,00%;0;0,00%;0;0,00%;0;0,00%;0;0%;0;0,00%;0;0,00%;0;0,00%;0;0,00%;0;0,00%
João Pessoa;0;0%;0;0,00%;0;0,00%;0;0,00%;0;0,00%;0;0%;0;0,00%;0;0,00%;0;0,00%;0;0,00%;0;0,00%;0;0,00%;0;0,00%;0;0,00%;0;0%;0;0%;0;0,00%;0;0,00%;0;0,00%
Itá;0;0%;0;0,00%;0;0,00%;0;0,00%;0;0,00%;0;0,00%;0;0%;0;0%;0;0,00%;0;0,00%;0;0,00%;0;0,00%;0;0,00%;0;0%;0;0,00%;0;0,00%;0;0,00%;0;0,00%;0;0,00%
Bancos Federais;17.667.782.526,50;6,90%;0;0,00%;0;0,00%;5.368.558.184,96;2,10%;0;0,00%;12.299.224.341,54;4,81%;0;0,00%;5.368.558.184,96;4,91%;0;0,00%;0;0,00%;0;0,00%;5.368.558.184,96;4,91%;0;0,00%;0;0,00%;12.299.224.341,54;8,39%;12.259.622.240,51;8,36%;0;0,00%;39.602.101,02;0,03%;0;0,00%
BNDES;11.809.102.147,31;4,61%;0;0,00%;0;0,00%;0;0,00%;0;0,00%;11.809.102.147,31;4,61%;0;0,00%;0;0,00%;0;0,00%;0;0,00%;0;0,00%;0;0,00%;0;0,00%;0;0,00%;11.809.102.147,31;8,05%;11.769.500.046,29;8,03%;0;0,00%;39.602.101,02;0,03%;0;0,00%
CAIXA;5.293.105.608,46;2,07%;0;0,00%;0;0,00%;5.231.503.447,11;2,04%;0;0,00%;61.602.161,35;0,02%;0;0,00%;5.231.503.447,11;4,79%;0;0,00%;0;0,00%;0;0,00%;5.231.503.447,11;4,79%;0;0,00%;0;0,00%;61.602.161,35;0,04%;61.602.161,35;0,04%;0;0,00%;0;0,00%;0;0,00%
Banco do Nordeste;428.520.032,87;0,17%;0;0,00%;0;0,00%;0;0,00%;0;0,00%;428.520.032,87;0,17%;0;0,00%;0;0,00%;0;0,00%;0;0,00%;0;0,00%;0;0,00%;0;0,00%;0;0,00%;428.520.032,87;0,29%;428.520.032,87;0,29%;0;0,00%;0;0,00%;0;0,00%
Banco do Brasil;137.054.737,85;0,05%;0;0,00%;0;0,00%;137.054.737,85;0,05%;0;0,00%;0;0,00%;0;0,00%;137.054.737,85;0,13%;0;0,00%;0;0,00%;0;0,00%;137.054.737,85;0,13%;0;0,00%;0;0,00%;0;0,00%;0;0,00%;0;0,00%;0;0,00%;0;0,00%
Estatais Federais;10.533.419.305,09;4,12%;0;0,00%;0;0,00%;1.918.317.848,88;0,75%;0;0,00%;2.373.420.696,91;0,93%;6.241.680.759,30;2,44%;8.159.998.608,18;7,47%;0;0,00%;0;0,00%;0;0,00%;1.918.317.848,88;1,76%;0;0,00%;6.241.680.759,30;5,71%;2.373.420.696,91;1,62%;2.138.088.128,76;1,46%;235.332.568,16;0,16%;0;0,00%;0;0,00%
ELETROBRÁS;3.717.608.532,51;1,45%;0;0,00%;0;0,00%;0;0,00%;0;0,00%;666.788.532,15;0,26%;3.050.820.000,36;1,19%;3.050.820.000,36;2,79%;0;0,00%;0;0,00%;0;0,00%;0;0,00%;0;0,00%;3.050.820.000,36;2,79%;666.788.532,15;0,45%;431.455.964,00;0,29%;235.332.568,16;0,16%;0;0,00%;0;0,00%
FINEP;3.259.815.961,14;1,27%;0;0,00%;0;0,00%;1.918.317.848,88;0,75%;0;0,00%;1.341.498.112,26;0,52%;0;0,00%;1.918.317.848,88;1,76%;0;0,00%;0;0,00%;0;0,00%;1.918.317.848,88;1,76%;0;0,00%;0;0,00%;1.341.498.112,26;0,91%;1.341.498.112,26;0,91%;0;0,00%;0;0,00%;0;0,00%
ELETRONUCLEAR;3.190.860.758,94;1,25%;0;0,00%;0;0,00%;0;0,00%;0;0,00%;0;0,00%;3.190.860.758,94;1,25%;3.190.860.758,94;2,92%;0;0,00%;0;0,00%;0;0,00%;0;0,00%;0;0,00%;3.190.860.758,94;2,92%;0;0,00%;0;0,00%;0;0,00%;0;0,00%;0;0,00%
Furnas Centrais Elétricas;365.134.052,50;0,14%;0;0,00%;0;0,00%;0;0,00%;0;0,00%;365.134.052,50;0,14%;0;0,00%;0;0,00%;0;0,00%;0;0,00%;0;0,00%;0;0,00%;0;0,00%;0;0,00%;365.134.052,50;0,25%;365.134.052,50;0,25%;0;0,00%;0;0,00%;0;0,00%
Entidades Estaduais Controladas;7.745.530.366,87;3,03%;0;0,00%;0;0,00%;0;0,00%;0;0,00%;7.745.530.366,87;3,03%;0;0,00%;0;0,00%;0;0,00%;0;0,00%;0;0,00%;0;0,00%;0;0,00%;0;0,00%;7.745.530.366,87;5,28%;5.190.676.882,97;3,54%;201.355.857,58;0,14%;2.353.497.626,33;1,61%;0;0,00%
SABESP-SP;4.761.522.308,62;1,86%;0;0,00%;0;0,00%;0;0,00%;0;0,00%;4.761.522.308,62;1,86%;0;0,00%;0;0,00%;0;0,00%;0;0,00%;0;0,00%;0;0,00%;0;0,00%;0;0,00%;4.761.522.308,62;3,25%;2.664.744.613,98;1,82%;0;0,00%;2.096.777.694,64;1,43%;0;0,00%
CEEE-D-RS;764.971.426,83;0,30%;0;0,00%;0;0,00%;0;0,00%;0;0,00%;764.971.426,83;0,30%;0;0,00%;0;0,00%;0;0,00%;0;0,00%;0;0,00%;0;0,00%;0;0,00%;0;0,00%;764.971.426,83;0,52%;764.971.426,83;0,52%;0;0,00%;0;0,00%;0;0,00%
CEEE-GT-RS;524.976.540,37;0,21%;0;0,00%;0;0,00%;0;0,00%;0;0,00%;524.976.540,37;0,21%;0;0,00%;0;0,00%;0;0,00%;0;0,00%;0;0,00%;0;0,00%;0;0,00%;0;0,00%;524.976.540,37;0,36%;524.976.540,37;0,36%;0;0,00%;0;0,00%;0;0,00%
CAESB-DF;478.305.481,32;0,19%;0;0,00%;0;0,00%;0;0,00%;0;0,00%;478.305.481,32;0,19%;0;0,00%;0;0,00%;0;0,00%;0;0,00%;0;0,00%;0;0,00%;0;0,00%;0;0,00%;478.305.481,32;0,33%;478.305.481,32;0,33%;0;0,00%;0;0,00%;0;0,00%
CELESC-SC;467.792.069,55;0,18%;0;0,00%;0;0,00%;0;0,00%;0;0,00%;467.792.069,55;0,18%;0;0,00%;0;0,00%;0;0,00%;0;0,00%;0;0,00%;0;0,00%;0;0,00%;0;0,00%;467.792.069,55;0,32%;467.792.069,55;0,32%;0;0,00%;0;0,00%;0;0,00%
CAGECE-CE;206.768.878,46;0,08%;0;0,00%;0;0,00%;0;0,00%;0;0,00%;206.768.878,46;0,08%;0;0,00%;0;0,00%;0;0,00%;0;0,00%;0;0,00%;0;0,00%;0;0,00%;0;0,00%;206.768.878,46;0,14%;206.768.878,46;0,14%;0;0,00%;0;0,00%;0;0,00%
COPASA-MG;201.355.857,58;0,08%;0;0,00%;0;0,00%;0;0,00%;0;0,00%;201.355.857,58;0,08%;0;0,00%;0;0,00%;0;0,00%;0;0,00%;0;0,00%;0;0,00%;0;0,00%;0;0,00%;201.355.857,58;0,14%;0;0,00%;201.355.857,58;0,14%;0;0,00%;0;0,00%
CASAN-SC;157.602.593,51;0,06%;0;0,00%;0;0,00%;0;0,00%;0;0,00%;157.602.593,51;0,06%;0;0,00%;0;0,00%;0;0,00%;0;0,00%;0;0,00%;0;0,00%;0;0,00%;0;0,00%;157.602.593,51;0,11%;0;0,00%;0;0,00%;157.602.593,51;0,11%;0;0,00%
DAEE-SP;99.117.338,18;0,04%;0;0,00%;0;0,00%;0;0,00%;0;0,00%;99.117.338,18;0,04%;0;0,00%;0;0,00%;0;0,00%;0;0,00%;0;0,00%;0;0,00%;0;0,00%;0;0,00%;99.117.338,18;0,07%;0;0,00%;0;0,00%;99.117.338,18;0,07%;0;0,00%
SANEAGO-GO;83.117.872,45;0,03%;0;0,00%;0;0,00%;0;0,00%;0;0,00%;83.117.872,45;0,03%;0;0,00%;0;0,00%;0;0,00%;0;0,00%;0;0,00%;0;0,00%;0;0,00%;0;0,00%;83.117.872,45;0,06%;83.117.872,45;0,06%;0;0,00%;0;0,00%;0;0,00%
