"","Inicio","Classificador","Periodo","total_total","interna_cambial","interna_total","externa_total","ATM_Total","Custo_Total","Ate_12_meses","Ate_12_meses_percentual","De_1_2_anos","De_1_2_anos_percentual","De_2_3_anos","De_2_3_anos_percentual","De_3_4_anos","De_3_4_anos_percentual","De_4_5_anos","De_4_5_anos_percentual","Acima_5_anos","Acima_5_anos_percentual","interna_demais"
"1","Banco do Brasil","Bancos Federais",2022-04-30,557951937.39,0,66041937.39,491910000,"11,84566339","-6,10%",54944493.95,"7,52%",51060457.69,"6,99%",19925953.38,"2,73%",23314828.45,"3,19%",34631852.12,"4,74%",546639479.38,"74,83%",66041937.39
"2","Banco do Nordeste","Bancos Federais",2022-04-30,357719351.05,0,0,357719351.05,"2,897894735","-4,88%",81425488.55,"20,07%",77753076.85,"19,16%",74060971.53,"18,25%",71178780.17,"17,54%",68276339.8,"16,83%",33052736.66,"8,15%",0
"3","BNDES","Bancos Federais",2022-04-30,14976902678.56,0,0,14976902678.56,"7,699758968","-7,80%",1710889867.69,"9,80%",1686198417.94,"9,66%",1655552978.34,"9,49%",1564666506.95,"8,97%",1475332255.66,"8,45%",9359967237.54,"53,63%",0
"4","CAIXA","Bancos Federais",2022-04-30,3643638869.66,0,3581858168.81,61780700.85,"4,889767265","5,51%",854586598.34,"17,50%",759808838.64,"15,56%",463486927.4,"9,49%",373744509.68,"7,65%",361267547.25,"7,40%",2070586746.02,"42,40%",3581858168.81
"5","BANDES-ES","Entidades Controladas",2022-04-30,0,0,0,0,"0","0",516505.5,"88,31%",68395.71,"11,69%",0,"0,00%",0,"0,00%",0,"0,00%",0,"0,00%",0
"6","CAESB-DF","Entidades Controladas",2022-04-30,751523843.33,0,0,751523843.33,"8,632641877","-7,78%",56700617.98,"6,35%",57737879.78,"6,47%",56829881.65,"6,36%",55915364.89,"6,26%",55006627.33,"6,16%",610768275.21,"68,40%",0
"7","CAGECE-CE","Entidades Controladas",2022-04-30,189256851.79,0,0,189256851.79,"3,98173516","-5,10%",33010283.79,"14,91%",31950062.88,"14,43%",30854442.71,"13,93%",29792917.31,"13,45%",28720461.82,"12,97%",67110833.54,"30,31%",0
"8","CASAN-SC","Entidades Controladas",2022-04-30,213398696.75,0,0,213398696.75,"3,6895733","-22,68%",39257446.43,"17,98%",38815893.56,"17,78%",38418695.23,"17,60%",38024909.97,"17,42%",24814836.77,"11,37%",38968451.77,"17,85%",0
"9","CEEE-D-RS","Entidades Controladas",2022-04-30,316882075.67,0,0,316882075.67,"7,422484645","-4,93%",35655088.67,"8,44%",34721216.01,"8,22%",33718364.03,"7,98%",32750001.8,"7,76%",31781639.59,"7,53%",253669296.77,"60,07%",0
"10","CEEE-GT-RS","Entidades Controladas",2022-04-30,560391944.19,0,0,560391944.19,"7,641886365","-6,60%",52665264.46,"7,57%",52349874.61,"7,53%",51224157.23,"7,37%",50047872.98,"7,20%",48898004.17,"7,03%",440133572.92,"63,30%",0
"11","CELESC-SC","Entidades Controladas",2022-04-30,1147775804.49,0,0,1147775804.49,"11,71780822","-7,81%",25453104.54,"1,77%",53181454.84,"3,71%",80763992.52,"5,63%",79593346.48,"5,55%",78376704.15,"5,46%",1117569469.77,"77,88%",0
"12","COPASA-MG","Entidades Controladas",2022-04-30,115236402.84,0,0,115236402.84,"0,890410959","-18,60%",59705420.77,"50,50%",58512723.99,"49,50%",0,"0,00%",0,"0,00%",0,"0,00%",0,"0,00%",0
"13","SABESP-SP","Entidades Controladas",2022-04-30,4637321369.44,0,0,4637321369.44,"6,589236533","-13,24%",496212909.04,"9,45%",486540814.98,"9,27%",474457693.47,"9,04%",442387011.1,"8,43%",414203503.55,"7,89%",2934557691.48,"55,91%",0
"14","SANEAGO-GO","Entidades Controladas",2022-04-30,69738450.91,0,0,69738450.91,"2,950684933","-7,19%",14547239.39,"19,25%",14180865.45,"18,76%",13823233.16,"18,29%",13473076.23,"17,83%",13120580.02,"17,36%",6428224.64,"8,51%",0
"15","Acre","Estados",2022-04-30,2669070214.39,0,589527386.2,2079542828.19,"8,531837565","-4,78%",246527129.96,"7,24%",235965071.51,"6,93%",231499755.87,"6,80%",226758912.46,"6,66%",222033467.39,"6,52%",2240623160.57,"65,83%",589527386.2
"16","Alagoas","Estados",2022-04-30,2918544110.91,0,1120076669.26,1798467441.65,"7,004289025","-2,46%",356481167.46,"9,16%",346667777.54,"8,91%",336418120.32,"8,64%",323482295.18,"8,31%",292116336.39,"7,51%",2237078992.96,"57,48%",1120076669.26
"17","Amapa","Estados",2022-04-30,1388727869.13,0,1388727869.13,0,"6,436203555","6,31%",202002832.62,"9,70%",196013771.17,"9,41%",190154747.92,"9,13%",183904116.76,"8,83%",177543604.18,"8,52%",1133874367.02,"54,42%",1388727869.13
"18","Amazonas","Estados",2022-04-30,8040272248.16,0,2836569260.99,5203702987.17,"6,203209391","-3,67%",1038480822.89,"9,77%",1152707219.86,"10,84%",1149408883.6,"10,81%",1023665537.97,"9,63%",924341441.7,"8,69%",5343731621.35,"50,26%",2836569260.99
"19","Bahia","Estados",2022-04-30,15245843686.3,1640198581.33,3611891833.81,11633951852.49,"7,906201024","-5,83%",1594677966.99,"8,42%",1573562725.89,"8,31%",1545579399.98,"8,16%",1525032040.25,"8,05%",1486898098.06,"7,85%",11207535780.04,"59,19%",1971693252.48
"20","Ceara","Estados",2022-04-30,13880463540.2,97009164.71,5115463775.87,8764999764.33,"7,281667312","-2,89%",1765445960.33,"9,62%",1793214372.61,"9,77%",1731655662.03,"9,43%",1622506706.35,"8,84%",1510653670.39,"8,23%",9935647205.93,"54,12%",5018454611.16
"21","Distrito Federal","Estados",2022-04-30,2199583396.81,644248198.24,1228582456.69,971000940.12,"5,222270323","-2,88%",415115639.32,"14,92%",387450910.12,"13,93%",363862131.73,"13,08%",231369633.37,"8,32%",205126030.74,"7,37%",1179014411.25,"42,38%",584334258.45
"22","Espirito Santo","Estados",2022-04-30,5150123497.27,0,3760617334.51,1389506162.77,"7,340921789","2,01%",605853666.49,"8,29%",604051959.46,"8,27%",594604243.81,"8,14%",579501011.6,"7,93%",542568028.97,"7,43%",4378954976.84,"59,94%",3760617334.51
"23","Goias","Estados",2022-04-30,8194874997.55,2372351845.19,8154627128.79,40247868.76,"5,664951041","3,01%",1258185430.7,"11,01%",1235785485.23,"10,81%",1209101722.76,"10,58%",1179423703.39,"10,32%",1150960204.06,"10,07%",5398462264.67,"47,22%",5782275283.6
"24","Maranhao","Estados",2022-04-30,4176953567.27,0,3304765852.43,872187714.84,"5,235179941","4,31%",1134299074.34,"19,28%",849516870.8,"14,44%",551767036.04,"9,38%",525431694.66,"8,93%",489909857.69,"8,33%",2332674016.83,"39,65%",3304765852.43
"25","Mato Grosso","Estados",2022-04-30,2354079193.45,0,1240284535.64,1113794657.81,"7,229516235","0,03%",460425075.01,"13,60%",373404288.54,"11,03%",283251553.87,"8,36%",219400982.09,"6,48%",211007908.27,"6,23%",1839230246.85,"54,31%",1240284535.64
"26","Mato Grosso do Sul","Estados",2022-04-30,1977057365.01,0,586569179.49,1390488185.52,"6,998591327","-3,77%",289921525.62,"11,80%",228434252.51,"9,30%",184393492.9,"7,51%",176591187.77,"7,19%",168931690.55,"6,88%",1407719812.55,"57,32%",586569179.49
"27","Minas Gerais","Estados",2022-04-30,21750119573.75,7936572964.89,9351180524.75,12398939049,"6,402066265","-6,05%",2867551615.6,"10,57%",2779021658.35,"10,25%",2647202000.66,"9,76%",2553799589.97,"9,42%",2471032536.55,"9,11%",13798982341.19,"50,89%",1414607559.86
"28","Para","Estados",2022-04-30,3109847663.76,0,1370933863.26,1738913800.5,"5,904870024","-2,41%",488013364.86,"12,28%",496238770.09,"12,49%",445085576.09,"11,20%",404691770.98,"10,19%",382421875.82,"9,63%",1756624605.25,"44,21%",1370933863.26
"29","Paraiba","Estados",2022-04-30,1349054444.03,0,968978291.71,380076152.32,"7,439430347","2,51%",255912757.24,"12,39%",205884738.1,"9,96%",168995687.58,"8,18%",163586946.79,"7,92%",158787189.52,"7,68%",1113052667.89,"53,87%",968978291.71
"30","Parana","Estados",2022-04-30,6301048136.36,0,3142322126.06,3158726010.3,"6,83858356","-0,49%",933917437.78,"10,28%",899871868.66,"9,91%",874584927.93,"9,63%",856242195.91,"9,43%",816746308.53,"8,99%",4700134497.32,"51,76%",3142322126.06
"31","Pernambuco","Estados",2022-04-30,9935074945.53,113582015.1,1700878047.1,8234196898.43,"8,429859549","-5,68%",958013732.59,"7,78%",947201692.8,"7,69%",874303844.2,"7,10%",856650883.42,"6,95%",834101272.27,"6,77%",7851116581.77,"63,72%",1587296032
"32","Piaui","Estados",2022-04-30,5659734992.39,791924271.39,3049926666.28,2609808326.11,"6,051827225","-1,96%",822209754.23,"10,51%",849961967.46,"10,87%",819530826.5,"10,48%",781954729.58,"10,00%",743904939.12,"9,51%",3804709623.14,"48,64%",2258002394.89
"33","Rio de Janeiro","Estados",2022-04-30,33574981191.37,9926059686.58,19576037429.95,13998943761.42,"7,834496451","-1,73%",3615008518.31,"7,94%",3639177452.77,"7,99%",3583065118.22,"7,87%",3445817732.55,"7,57%",3358295450.19,"7,38%",27886898998.04,"61,25%",9649977743.37
"34","Rio Grande do Norte","Estados",2022-04-30,1789858511.15,35146924.84,421791738.58,1368066772.57,"9,07789292","-4,76%",169965045.3,"7,60%",170352097.21,"7,61%",157298042.69,"7,03%",144608717,"6,46%",141134640.37,"6,31%",1454230064.64,"64,99%",386644813.74
"35","Rio Grande do Sul","Estados",2022-04-30,10607130959.76,0,1257286716.64,9349844243.12,"7,261106366","-6,41%",950136813,"7,63%",1112805427.21,"8,94%",1173707243.2,"9,43%",1266084181.7,"10,17%",1304735701.93,"10,48%",6637174076.9,"53,33%",1257286716.64
"36","Rondonia","Estados",2022-04-30,257322944.04,0,235699323.81,21623620.23,"5,424280861","5,30%",40210219.19,"11,12%",38991878.97,"10,78%",37723183.41,"10,43%",36382524.85,"10,06%",35019689.92,"9,68%",173310928.29,"47,92%",235699323.81
"37","Roraima","Estados",2022-04-30,627722122.69,0,627722122.69,0,"6,178879944","6,31%",93551313.56,"10,09%",90731884.69,"9,78%",87871275.36,"9,48%",84956011.35,"9,16%",81853608.75,"8,83%",488351397.95,"52,66%",627722122.69
"38","Santa Catarina","Estados",2022-04-30,8885874383.06,1406935734.26,6577784595.39,2308089787.67,"6,352730129","0,92%",1806023830.08,"13,73%",1189850460.02,"9,05%",1139424126.76,"8,66%",1087438191.77,"8,27%",1035129230.99,"7,87%",6893817246.15,"52,42%",5170848861.13
"39","Sao Paulo","Estados",2022-04-30,35739687835.07,6268743785.83,9593487485.44,26146200349.63,"7,461825388","-6,62%",3769699746.24,"8,40%",3711153040.06,"8,27%",3636851266.96,"8,11%",3549678785.6,"7,91%",3378160983.79,"7,53%",26813237117.83,"59,77%",3324743699.61
"40","Sergipe","Estados",2022-04-30,1698164742.77,0,655721086.03,1042443656.74,"8,34825608","-2,74%",168605717.55,"7,54%",162620213.17,"7,27%",154776482.29,"6,92%",153982573.02,"6,89%",150506093.11,"6,73%",1445897199.31,"64,65%",655721086.03
"41","Tocantins","Estados",2022-04-30,2499204643.1,567666662.03,1121213140.01,1377991503.09,"6,330848603","-4,20%",319967171.34,"10,06%",302921944.98,"9,53%",276932710.67,"8,71%",268490492.64,"8,44%",259624988.84,"8,17%",1751516571.79,"55,09%",553546477.98
"42","ELETROBRAS","Estatais Federais",2022-04-30,956836247.2,0,524660000.65,432176246.55,"2,149403395","-1,75%",706021514.82,"68,61%",91643450.39,"8,91%",25109629.97,"2,44%",24564138.73,"2,39%",24018647.52,"2,33%",157667563.06,"15,32%",524660000.65
"43","ELETRONUCLEAR","Estatais Federais",2022-04-30,2966039840.26,0,2966039840.26,0,"9,453773014","6,50%",296895937.68,"6,19%",296895937.68,"6,19%",296895937.68,"6,19%",296895937.68,"6,19%",296895937.68,"6,19%",3315337971.11,"69,07%",2966039840.26
"44","FINEP","Estatais Federais",2022-04-30,1637175518.9,0,0,1637175518.9,"11,46815068","-7,79%",31187797.24,"1,53%",75633871.65,"3,70%",115266427.16,"5,65%",113526370.45,"5,56%",111790964.41,"5,48%",1594003934.18,"78,08%",0
"45","Furnas Centrais Eletricas","Estatais Federais",2022-04-30,371343876.86,0,0,371343876.86,"4,879999999","-7,78%",43908737.8,"10,66%",44022277.41,"10,69%",43236368.99,"10,50%",42447078.04,"10,31%",41660530.28,"10,12%",196494555.78,"47,72%",0
"46","Abdon Batista","Municipios",2022-04-30,2939321.95,0,2939321.95,0,"4,098187436","8,01%",740751.97,"15,92%",693184.06,"14,89%",649432.33,"13,95%",597629.32,"12,84%",544256.14,"11,69%",1428610.59,"30,70%",2939321.95
"47","Abelardo Luz","Municipios",2022-04-30,2802519.44,0,2802519.44,0,"4,137287743","7,68%",692650.42,"15,71%",648359.08,"14,71%",609571.78,"13,83%",561930.58,"12,75%",512860.22,"11,63%",1382703.65,"31,37%",2802519.44
"48","Agua Doce","Municipios",2022-04-30,4398148.1,0,4398148.1,0,"3,926373407","7,91%",1129989.87,"16,49%",1049618.42,"15,31%",985440.52,"14,38%",904915.83,"13,20%",822337.25,"12,00%",1961332.03,"28,62%",4398148.1
"49","Alagoinhas","Municipios",2022-04-30,49498443.7,0,0,49498443.7,"5,053228951","-6,93%",5953394.6,"10,41%",5969462.59,"10,44%",5839857.83,"10,21%",5695563.31,"9,96%",5562425.56,"9,73%",28168597.86,"49,26%",0
"50","Alto Feliz","Municipios",2022-04-30,2394886.21,0,2394886.21,0,"10,66764451","5,00%",270984.97,"5,98%",269392.9,"5,95%",267506.49,"5,90%",265503.72,"5,86%",263377.41,"5,81%",3194282.09,"70,50%",2394886.21
"51","Antonio Prado","Municipios",2022-04-30,1900000,0,1900000,0,"5,17064973","2,10%",317597.98,"9,92%",437160.68,"13,66%",412962.49,"12,90%",384257.14,"12,01%",355184.88,"11,10%",1293196.87,"40,41%",1900000
"52","Aparecida de Goiania","Municipios",2022-04-30,138513657.63,0,0,138513657.63,"4,653595694","-6,56%",18570535.9,"11,67%",18177796.63,"11,43%",21766471.48,"13,68%",21139217.85,"13,29%",20532610.12,"12,91%",58910018.14,"37,03%",0
"53","Aquidauana","Municipios",2022-04-30,14231357.79,0,14231357.79,0,"10,78670997","5,72%",1605104.63,"5,93%",1594741.93,"5,89%",1583698.1,"5,85%",1571973.04,"5,81%",1559524.89,"5,76%",19146763.65,"70,75%",14231357.79
"54","Aracaju","Municipios",2022-04-30,99933965.38,0,0,99933965.38,"8,005093848","-7,81%",9756245.69,"8,16%",8904644.64,"7,45%",8446400.57,"7,06%",8512898.39,"7,12%",8368190.14,"7,00%",75587091.89,"63,21%",0
"55","Aracati","Municipios",2022-04-30,49390143.41,0,49390143.41,0,"4,61201419","6,51%",10972447.83,"13,40%",11770397.74,"14,37%",11012316.28,"13,44%",10197519.25,"12,45%",9340427.55,"11,40%",28618316.19,"34,94%",49390143.41
"56","Araguaina","Municipios",2022-04-30,86222022.09,0,0,86222022.09,"7,922602734","-7,20%",1985070.43,"1,90%",2214373.1,"2,12%",9370898.74,"8,96%",9174200.8,"8,78%",8989162.76,"8,60%",72799450.75,"69,64%",0
"57","Araquari","Municipios",2022-04-30,10541889.42,0,10541889.42,0,"10,86215741","5,49%",1186616.78,"5,90%",1179013.24,"5,87%",1170893.54,"5,83%",1162273.05,"5,78%",1153120.9,"5,74%",14243210.23,"70,88%",10541889.42
"58","Bage","Municipios",2022-04-30,12836376.4,0,0,12836376.4,"3,135178039","-8,69%",2245111.43,"16,99%",2226092.71,"16,85%",2206597.69,"16,70%",2187340.74,"16,55%",2168083.79,"16,41%",2180897.01,"16,50%",0
"59","Balneario Camboriu","Municipios",2022-04-30,71651210.87,0,71651210.87,0,"3,617005191","8,18%",19305964.24,"17,74%",17960423.21,"16,50%",16672720.72,"15,32%",15210210.97,"13,98%",13773427.27,"12,66%",25913031.94,"23,81%",71651210.87
"60","Barao","Municipios",2022-04-30,3205047.62,0,3205047.62,0,"11,48117673","5,28%",353413.58,"5,63%",351270.59,"5,60%",348994.16,"5,56%",346577.33,"5,52%",344011.41,"5,48%",4531375.45,"72,21%",3205047.62
"61","Barra do Guarita","Municipios",2022-04-30,2e+05,0,2e+05,0,"5,103655762","0,81%",36420.56,"10,69%",46884.86,"13,77%",44036.68,"12,93%",40977.34,"12,03%",37792.79,"11,10%",134488.83,"39,49%",2e+05
"62","Barra do Pirai","Municipios",2022-04-30,17770205.56,0,17770205.56,0,"4,159041082","6,90%",4302465.94,"15,63%",4038564.94,"14,67%",3787368.14,"13,76%",3494187.68,"12,70%",3206119.92,"11,65%",8691507.43,"31,58%",17770205.56
"63","Barracao","Municipios",2022-04-30,2830003.89,0,2830003.89,0,"3,69487443","7,92%",746467.29,"17,38%",692286.84,"16,12%",646624.69,"15,05%",591362.01,"13,77%",537137.56,"12,50%",1081945.66,"25,19%",2830003.89
"64","Barrocas","Municipios",2022-04-30,3925204.87,0,3925204.87,0,"3,458425483","7,95%",1071928.11,"18,40%",994746.27,"17,07%",920857.93,"15,80%",839537.18,"14,41%",760251.3,"13,05%",1239266.49,"21,27%",3925204.87
"65","Belem","Municipios",2022-04-30,235891784.08,0,0,235891784.08,"6,461355846","-7,79%",23036854.68,"8,53%",23234673.73,"8,61%",22836468.9,"8,46%",22439674.77,"8,31%",22043362.36,"8,17%",156378187.34,"57,92%",0
"66","Belford Roxo","Municipios",2022-04-30,29890611.08,0,0,29890611.08,"6,214041067","-7,81%",3121073.18,"9,22%",3059676.23,"9,04%",3004769.92,"8,87%",2952979.47,"8,72%",2900172.73,"8,56%",18822754.03,"55,59%",0
"67","Belo Horizonte","Municipios",2022-04-30,1663598619.89,0,214992583.73,1448606036.16,"7,054919169","-5,56%",188649064.22,"9,47%",189582926.53,"9,52%",189611924.27,"9,52%",182430461.9,"9,16%",174566257.24,"8,76%",1067003606.88,"53,57%",214992583.73
"68","Blumenau","Municipios",2022-04-30,229927242.37,0,0,229927242.37,"7,672602737","-7,78%",20112162.17,"7,51%",19806499.83,"7,40%",19463792.97,"7,27%",19147475.6,"7,15%",18822511.79,"7,03%",170353457.05,"63,63%",0
"69","Boa Vista","Municipios",2022-04-30,24306250.82,0,24306250.82,0,"3,505805599","7,84%",6581219.75,"18,21%",6090938.91,"16,85%",5672957.55,"15,69%",5173683.87,"14,31%",4683334.86,"12,96%",7944231.47,"21,98%",24306250.82
"70","Bom Jesus","Municipios",2022-04-30,1829349.01,0,1829349.01,0,"10,73858913","5,14%",215759.62,"6,05%",214122.04,"6,00%",212380.78,"5,95%",210532.14,"5,90%",208569.51,"5,84%",2507497.26,"70,26%",1829349.01
"71","Caarapo","Municipios",2022-04-30,5857544.53,0,5857544.53,0,"10,57496528","4,94%",665856.41,"6,04%",661549.31,"6,00%",656865.05,"5,96%",651891.9,"5,91%",646612,"5,86%",7745762.36,"70,23%",5857544.53
"72","Cachoeirinha","Municipios",2022-04-30,19647563.84,0,0,19647563.84,"3,475869323","-6,47%",3662525.05,"16,66%",3561566.81,"16,20%",3457804.16,"15,73%",3355443.74,"15,27%",3253083.27,"14,80%",4688014.45,"21,33%",0
"73","Cachoeiro de Itapemirim","Municipios",2022-04-30,4e+07,0,4e+07,0,"4,917681384","5,43%",8175075.23,"11,97%",9471409.56,"13,87%",8894263.58,"13,02%",8225342.94,"12,05%",7579116.63,"11,10%",25941323.13,"37,99%",4e+07
"74","Camacari","Municipios",2022-04-30,196345563.35,0,0,196345563.35,"7,380684928","-7,20%",4334518.04,"1,65%",5056443.63,"1,93%",14915281.62,"5,68%",24298952.5,"9,26%",23794693.44,"9,06%",190100399.88,"72,42%",0
"75","Camboriu","Municipios",2022-04-30,14268527.84,0,14268527.84,0,"4,163737243","7,96%",3575677.66,"15,85%",3342863.13,"14,82%",3127975.56,"13,86%",2877050.79,"12,75%",2630506.72,"11,66%",7008412.05,"31,06%",14268527.84
"76","Camocim","Municipios",2022-04-30,16757358.92,0,16757358.92,0,"4,053955802","7,79%",4210666.41,"16,02%",3933046.58,"14,96%",3692290.6,"14,04%",3398157.95,"12,93%",3095764.3,"11,78%",7959143.64,"30,28%",16757358.92
"77","Campinas das Missoes","Municipios",2022-04-30,980899.52,0,980899.52,0,"10,68699636","4,87%",111039.66,"5,98%",110340.03,"5,95%",109567.43,"5,90%",108747.12,"5,86%",107876.2,"5,81%",1308339.44,"70,50%",980899.52
"78","Campo Grande","Municipios",2022-04-30,238967122.03,0,0,238967122.03,"8,323909941","-7,67%",23454680.67,"8,31%",22946199.06,"8,13%",22490573.76,"7,96%",22061917.78,"7,81%",21624932.39,"7,66%",169817645.91,"60,13%",0
"79","Candeias","Municipios",2022-04-30,4618330.12,0,4618330.12,0,"3,986757955","7,92%",1177447.22,"16,36%",1093380.38,"15,19%",1025416.51,"14,25%",941435.26,"13,08%",859024.38,"11,93%",2101630.09,"29,20%",4618330.12
"80","Canoas","Municipios",2022-04-30,122977499.9,0,0,122977499.9,"2,155555555","-6,41%",30976472.26,"23,26%",30370113.45,"22,80%",29428242.45,"22,10%",28501811.92,"21,40%",13898347.67,"10,44%",0,"0,00%",0
"81","Capinzal","Municipios",2022-04-30,5510061.33,0,5510061.33,0,"11,44853664","5,29%",608627.46,"5,66%",604955.72,"5,62%",601013.57,"5,58%",596828.3,"5,55%",592384.88,"5,50%",7758814.06,"72,09%",5510061.33
"82","Capitolio","Municipios",2022-04-30,2217811.22,0,2217811.22,0,"3,644308149","7,81%",589321.33,"17,70%",547149.98,"16,43%",507279.61,"15,23%",465295.87,"13,97%",422376.2,"12,68%",798484.94,"23,98%",2217811.22
"83","Carandai","Municipios",2022-04-30,7701302.19,0,7701302.19,0,"4,181013761","7,53%",1876963.78,"15,70%",1754116.96,"14,67%",1644944.51,"13,76%",1517154.36,"12,69%",1390050.48,"11,63%",3771001.18,"31,55%",7701302.19
"84","Cariacica","Municipios",2022-04-30,33906879.52,0,33906879.52,0,"3,560966962","7,91%",9237491.16,"18,19%",8494351.93,"16,73%",7862574.77,"15,48%",7198239.23,"14,17%",6519978.15,"12,84%",11472873.07,"22,59%",33906879.52
"85","Cascavel","Municipios",2022-04-30,142835707.99,0,25666666.66,117169041.33,"7,69259894","-4,97%",16120847.78,"9,00%",15504675.01,"8,65%",14906923.2,"8,32%",14329472.37,"8,00%",13723243.84,"7,66%",104558753.46,"58,37%",25666666.66
"86","Castro","Municipios",2022-04-30,6387839.29,0,6387839.29,0,"11,19377026","5,19%",710852.09,"5,75%",706424.52,"5,72%",701718.39,"5,68%",696722.03,"5,64%",691417.45,"5,60%",8849661.41,"71,62%",6387839.29
"87","Catanduva","Municipios",2022-04-30,28020792.31,0,0,28020792.31,"6,964485033","-7,81%",2667712.48,"8,29%",2615713.07,"8,13%",2569702.56,"7,98%",2526675.34,"7,85%",2482672.32,"7,71%",19326219.56,"60,04%",0
"88","Caucaia","Municipios",2022-04-30,301326037.89,0,0,301326037.89,"7,221668739","-7,16%",7869380.59,"2,19%",21631054.9,"6,01%",34767002.08,"9,67%",34047662.26,"9,47%",33472616.52,"9,31%",227864001.48,"63,36%",0
"89","Caxias do Sul","Municipios",2022-04-30,164573687.46,0,37607980.11,126965707.35,"4,516245942","-3,52%",32097538.32,"15,75%",31242823.36,"15,33%",30125280.43,"14,78%",17134277.99,"8,41%",16245903.56,"7,97%",76997908.73,"37,77%",37607980.11
"90","Chapeco","Municipios",2022-04-30,76300484.03,0,44854308.26,31446175.77,"4,31695362","-0,91%",14257560.7,"12,64%",16447760.48,"14,58%",15500004.96,"13,74%",14602941.93,"12,95%",13720463.84,"12,16%",38261171.6,"33,92%",44854308.26
"91","Cianorte","Municipios",2022-04-30,0,0,0,0,"0","0",13977.78,"100,00%",0,"0,00%",0,"0,00%",0,"0,00%",0,"0,00%",0,"0,00%",0
"92","Colatina","Municipios",2022-04-30,37797247.72,0,0,37797247.72,"7,965267344","-7,81%",3239066.79,"7,32%",3176662.11,"7,18%",3122202.8,"7,06%",3071854.28,"6,95%",3020157.45,"6,83%",28590668.2,"64,65%",0
"93","Concordia","Municipios",2022-04-30,4378975.92,0,4378975.92,0,"10,69035094","5,68%",526494.78,"6,12%",522243.49,"6,07%",517730.68,"6,02%",512939.49,"5,96%",507852.8,"5,90%",6019360.25,"69,94%",4378975.92
"94","Contagem","Municipios",2022-04-30,59324774.31,0,0,59324774.31,"8,238356155","-7,21%",1523592.06,"2,11%",1527777.72,"2,12%",4224358.39,"5,86%",6816867.53,"9,45%",6677978.66,"9,26%",51347382.22,"71,20%",0
"95","Correia Pinto","Municipios",2022-04-30,2781679.67,0,2781679.67,0,"11,57118338","5,12%",306182.32,"5,61%",304334.77,"5,57%",302373.33,"5,54%",300290.94,"5,50%",298080.1,"5,46%",3948590.66,"72,32%",2781679.67
"96","Corumba","Municipios",2022-04-30,166228557.82,0,0,166228557.82,"6,311301374","-6,28%",12418374.79,"6,03%",19430406.78,"9,43%",18948757.62,"9,20%",18438576.41,"8,95%",17942661.18,"8,71%",118774380.56,"57,67%",0
"97","Costa Rica","Municipios",2022-04-30,10187548.47,0,10187548.47,0,"10,94613864","4,92%",1144553,"5,88%",1137216.06,"5,84%",1129427.51,"5,80%",1121158.59,"5,76%",1112379.65,"5,71%",13822931.42,"71,00%",10187548.47
"98","Cotipora","Municipios",2022-04-30,2572083.27,0,2572083.27,0,"10,52485886","4,77%",293041.4,"6,07%",291088.76,"6,03%",289016.13,"5,98%",286815.66,"5,94%",284479.49,"5,89%",3386561.31,"70,10%",2572083.27
"99","Criciuma","Municipios",2022-04-30,78642415.24,0,26599730.67,52042684.57,"6,495743867","-1,43%",8605635.93,"7,96%",8232323.08,"7,61%",10283268.3,"9,51%",12126926.81,"11,22%",11457688.39,"10,60%",57403328.98,"53,10%",26599730.67
"100","Crucilandia","Municipios",2022-04-30,1676781.7,0,1676781.7,0,"4,208897124","8,01%",419156.35,"15,69%",391928.25,"14,67%",366288.49,"13,71%",337182.91,"12,62%",308962.35,"11,57%",847243.48,"31,72%",1676781.7
"101","Curitiba","Municipios",2022-04-30,508559538.06,0,153281257.43,355278280.63,"5,343900038","-7,62%",93927421.2,"14,69%",89991235.59,"14,07%",64635526.35,"10,11%",61454606.49,"9,61%",58945402.57,"9,22%",270648495.73,"42,32%",153281257.43
"102","Doutor Pedrinho","Municipios",2022-04-30,2207365.23,0,2207365.23,0,"3,516470801","7,93%",600112.28,"18,24%",556117.86,"16,91%",515173.25,"15,66%",470512.99,"14,30%",425472.16,"12,93%",722103.54,"21,95%",2207365.23
"103","Entre Rios","Municipios",2022-04-30,1010158,0,1010158,0,"10,73585468","5,06%",119140.92,"6,05%",118237.13,"6,00%",117275.63,"5,95%",116254.85,"5,90%",115171.09,"5,84%",1384628.76,"70,26%",1010158
"104","Estancia","Municipios",2022-04-30,0,0,0,0,"0","0",0,"0",0,"0",0,"0",0,"0",0,"0",0,"0",0
"105","Euclides da Cunha","Municipios",2022-04-30,0,0,0,0,"0","0",0,"0",0,"0",0,"0",0,"0",0,"0",0,"0",0
"106","Eusebio","Municipios",2022-04-30,2.2e+07,0,2.2e+07,0,"4,689624577","7,29%",5083970.74,"13,78%",5132372.1,"13,91%",4814342.48,"13,05%",4468767.25,"12,11%",4093745.36,"11,10%",13299847.73,"36,05%",2.2e+07
"107","Feira de Santana","Municipios",2022-04-30,14375000,0,14375000,0,"3,801280524","3,74%",3726813.64,"16,90%",3459250.27,"15,68%",3243354.28,"14,70%",2975011.36,"13,49%",2700597.79,"12,24%",5953646.33,"26,99%",14375000
"108","Florianopolis","Municipios",2022-04-30,271567281.71,0,0,271567281.71,"8,125839479","-7,65%",28087101.08,"8,79%",27622426.24,"8,64%",23297804.98,"7,29%",19232786.51,"6,02%",18917090.58,"5,92%",202382220.38,"63,34%",0
"109","Fortaleza","Municipios",2022-04-30,2141099480.29,0,341884532.99,1799214947.3,"7,030776882","-5,05%",224199744.88,"8,32%",253620268.56,"9,41%",257119470.91,"9,54%",244130296.63,"9,06%",239121162.22,"8,88%",1475702806.18,"54,78%",341884532.99
"110","Fortim","Municipios",2022-04-30,5e+06,0,5e+06,0,"5,023160735","5,02%",985628.87,"11,47%",1186988.03,"13,81%",1115692.41,"12,98%",1037982.26,"12,07%",953219.06,"11,09%",3316825.65,"38,58%",5e+06
"111","Foz do Iguacu","Municipios",2022-04-30,2e+07,0,2e+07,0,"5,103652963","1,48%",3499813.28,"10,50%",4559381.12,"13,68%",4289465.19,"12,87%",3999547.56,"12,00%",3697766.95,"11,10%",13278008.76,"39,85%",2e+07
"112","Garca","Municipios",2022-04-30,2257242.97,0,2257242.97,0,"10,56998843","4,68%",256641.71,"6,04%",254944.36,"6,00%",253139.17,"5,96%",251222.64,"5,91%",249187.91,"5,86%",2985021.35,"70,23%",2257242.97
"113","Gaspar","Municipios",2022-04-30,2e+07,0,2e+07,0,"5,159563668","4,06%",3570903.96,"10,24%",4815976.73,"13,81%",4536455.39,"13,01%",4198886.8,"12,04%",3867150.08,"11,09%",13884262.33,"39,81%",2e+07
"114","Goiania","Municipios",2022-04-30,567422091.31,0,387726600.78,179695490.53,"5,054602637","2,96%",112777394.42,"13,50%",106360652.85,"12,73%",100565774.6,"12,03%",94089037.99,"11,26%",87458166.76,"10,47%",334384398.05,"40,02%",387726600.78
"115","Goiatuba","Municipios",2022-04-30,0,0,0,0,"0","0",0,"0",0,"0",0,"0",0,"0",0,"0",0,"0",0
"116","Goioere","Municipios",2022-04-30,4683160.29,0,4683160.29,0,"4,103019281","7,91%",1183220.49,"16,09%",1103147.85,"15,00%",1028152.9,"13,98%",948567.26,"12,90%",866624.61,"11,78%",2224620.84,"30,25%",4683160.29
"117","Guarda-Mor","Municipios",2022-04-30,3476213.4,0,3476213.4,0,"3,528057917","7,93%",938112.84,"18,05%",868489.04,"16,71%",809145.79,"15,56%",738165.77,"14,20%",668522.79,"12,86%",1176299.14,"22,63%",3476213.4
"118","Guaruja do Sul","Municipios",2022-04-30,662863.28,0,662863.28,0,"4,731736025","4,09%",139184.89,"12,82%",149823.34,"13,80%",141146.24,"13,00%",130764.39,"12,05%",120742.52,"11,12%",403937.61,"37,21%",662863.28
"119","Guarulhos","Municipios",2022-04-30,16474487.66,0,0,16474487.66,"10,19915701","-7,20%",1870443.3,"7,84%",1385599.25,"5,81%",917941.1,"3,85%",1127064.64,"4,72%",1667077.68,"6,99%",16895694.52,"70,80%",0
"120","Gurupi","Municipios",2022-04-30,14216754.39,0,14216754.39,0,"9,749067211","5,32%",1767863,"6,61%",1752177.55,"6,55%",1735527.81,"6,49%",1717851.13,"6,42%",1699084.21,"6,35%",18086526.27,"67,59%",14216754.39
"121","Hortolandia","Municipios",2022-04-30,207313540.67,0,0,207313540.67,"4,186290524","-7,06%",24657063.78,"10,68%",34112475.41,"14,77%",33313705.4,"14,43%",32511039.82,"14,08%",31750512.38,"13,75%",74587242.57,"32,30%",0
"122","Indaiatuba","Municipios",2022-04-30,0,0,0,0,"0","0",328226.21,"27,67%",375582.68,"31,66%",267816.81,"22,58%",160953.54,"13,57%",54090.33,"4,56%",-341.53,"-0,03%",0
"123","Ita","Municipios",2022-04-30,3319551.93,0,3319551.93,0,"7,206679247","6,50%",625430.32,"10,78%",593230.58,"10,23%",567406.17,"9,78%",534994.97,"9,22%",501612.16,"8,65%",2976839.39,"51,33%",3319551.93
"124","Itacurubi","Municipios",2022-04-30,0,0,0,0,"0","0",0,"0",0,"0",0,"0",0,"0",0,"0",0,"0",0
"125","Itajai","Municipios",2022-04-30,155373771.4,0,0,155373771.4,"6,130510587","-8,74%",8367583.79,"5,12%",15344535.61,"9,38%",15222635.94,"9,31%",15103986.85,"9,24%",14985337.81,"9,16%",94515347.27,"57,79%",0
"126","Itapipoca","Municipios",2022-04-30,26557203.41,0,26557203.41,0,"4,056527832","7,96%",6700670.03,"16,03%",6269291.49,"15,00%",5871816.13,"14,05%",5402244.58,"12,93%",4918890.51,"11,77%",12629879.58,"30,22%",26557203.41
"127","Itatiaia","Municipios",2022-04-30,18500000,0,18500000,0,"3,080303591","8,02%",5380651.57,"20,26%",4961279.72,"18,68%",4569676.49,"17,20%",4132432.6,"15,56%",3710066.04,"13,97%",3808770.06,"14,34%",18500000
"128","Ituiutaba","Municipios",2022-04-30,19059090.88,0,19059090.88,0,"3,478016948","7,93%",5180105.5,"18,25%",4792235.34,"16,88%",4453486.62,"15,69%",4056050.42,"14,29%",3673643.68,"12,94%",6235687.44,"21,96%",19059090.88
"129","Ivinhema","Municipios",2022-04-30,5197330.22,0,5197330.22,0,"10,89410022","4,95%",583891,"5,88%",580167.99,"5,84%",576194.54,"5,80%",571976.04,"5,76%",567497.35,"5,71%",7051978.61,"71,00%",5197330.22
"130","Jacarei","Municipios",2022-04-30,56569650,0,0,56569650,"8,295018692","-7,19%",1228205.22,"1,77%",1452834.34,"2,10%",1460816.96,"2,11%",6566139.22,"9,48%",6433700.52,"9,29%",52127370.99,"75,25%",0
"131","Jaguare","Municipios",2022-04-30,6091836.27,0,6091836.27,0,"3,605951761","7,79%",1597806.34,"17,56%",1492574.7,"16,41%",1388958.68,"15,27%",1271160.09,"13,97%",1156606.68,"12,71%",2190119.45,"24,07%",6091836.27
"132","Jandira","Municipios",2022-04-30,21058976.84,0,21058976.84,0,"4,142602718","7,59%",5163498.18,"15,70%",4831598.27,"14,69%",4536673.92,"13,79%",4180455.76,"12,71%",3826467.68,"11,63%",10350187.82,"31,47%",21058976.84
"133","Jaquirana","Municipios",2022-04-30,2334380.26,0,2334380.26,0,"10,58094","4,45%",265415.46,"6,04%",263656.64,"6,00%",261789.8,"5,96%",259807.77,"5,91%",257703.47,"5,86%",3087028.32,"70,23%",2334380.26
"134","Jaragua do Sul","Municipios",2022-04-30,54158249.19,0,54158249.19,0,"4,298687306","6,49%",12946924.51,"14,95%",12732164.6,"14,70%",11939847.99,"13,78%",10992738.41,"12,69%",10042071.78,"11,59%",27969543.08,"32,29%",54158249.19
"135","Jiquirica","Municipios",2022-04-30,4571875.04,0,4571875.04,0,"3,47279849","7,90%",1237161.62,"18,17%",1150605.1,"16,90%",1069171.05,"15,70%",975882.71,"14,33%",881112.67,"12,94%",1495118.66,"21,96%",4571875.04
"136","Joao Pessoa","Municipios",2022-04-30,36893250,0,0,36893250,"11,63480198","-7,78%",2783725.43,"5,63%",1843011.55,"3,73%",1880555.11,"3,80%",2744532.54,"5,55%",2702351.76,"5,47%",37488002.2,"75,82%",0
"137","Joinville","Municipios",2022-04-30,231499036.92,0,33180355.56,198318681.36,"6,343626718","-5,45%",28474215.57,"10,24%",29981904.99,"10,79%",28974976.63,"10,42%",27881233.14,"10,03%",24557067.78,"8,84%",138076738.3,"49,68%",33180355.56
"138","Jundiai","Municipios",2022-04-30,384979.63,0,384979.63,0,"9,218021873","0,95%",33883.52,"6,67%",33015.31,"6,50%",32580.66,"6,41%",31760.33,"6,25%",30953.36,"6,09%",345985.75,"68,08%",384979.63
"139","Lapao","Municipios",2022-04-30,4491666.64,0,4491666.64,0,"3,63950802","7,89%",1187023.86,"17,49%",1106134.48,"16,29%",1030477.17,"15,18%",943047.05,"13,89%",853890.8,"12,58%",1668123.09,"24,57%",4491666.64
"140","Linhares","Municipios",2022-04-30,76880819.13,0,76880819.13,0,"3,044173389","7,80%",22285405.74,"20,41%",20555551.45,"18,82%",18952150.23,"17,35%",17192477.5,"15,74%",15434976.53,"14,13%",14791203.96,"13,54%",76880819.13
"141","Maceio","Municipios",2022-04-30,154284418.36,0,0,154284418.36,"6,896347037","-7,15%",3514197.76,"1,91%",16823864.03,"9,16%",16496416.76,"8,99%",16166194.58,"8,81%",15803135.08,"8,61%",114781044.81,"62,52%",0
"142","Manaus","Municipios",2022-04-30,2359491922.66,0,1249705771.51,1109786151.15,"6,096159528","-0,05%",420983895.42,"12,83%",404252754,"12,32%",367037402.52,"11,19%",342933977.48,"10,45%",312592466.6,"9,53%",1433315271.87,"43,68%",1249705771.51
"143","Maracanau","Municipios",2022-04-30,69851220,0,0,69851220,"11,55308219","-7,78%",1773173.57,"2,02%",3306017.86,"3,77%",4918247.87,"5,61%",4843680.75,"5,53%",4769638.41,"5,44%",68009206.09,"77,62%",0
"144","Marata","Municipios",2022-04-30,2077940.91,0,2077940.91,0,"4,083813061","8,04%",527290.14,"16,09%",492398.14,"15,03%",459450.73,"14,02%",422242.62,"12,89%",386132.76,"11,78%",989399.3,"30,19%",2077940.91
"145","Marau","Municipios",2022-04-30,2e+06,0,2e+06,0,"1,649315052","2,66%",772617.05,"32,01%",803369.42,"33,28%",724888.66,"30,03%",112751.23,"4,67%",0,"0,00%",0,"0,00%",2e+06
"146","Maringa","Municipios",2022-04-30,40954696.47,0,8415078.51,32539617.96,"6,17607116","-4,56%",5312520.69,"10,54%",5110481.76,"10,14%",4926238.99,"9,77%",4724348.66,"9,37%",4523953.85,"8,97%",25824379.89,"51,22%",8415078.51
"147","Massaranduba","Municipios",2022-04-30,4150634.75,0,4150634.75,0,"10,60833585","5,66%",471920.33,"6,04%",468793.43,"6,00%",465474.02,"5,96%",461949.92,"5,91%",458208.43,"5,86%",5488876.68,"70,23%",4150634.75
"148","Mata","Municipios",2022-04-30,0,0,0,0,"0","0",0,"0",0,"0",0,"0",0,"0",0,"0",0,"0",0
"149","Maua","Municipios",2022-04-30,553338990.37,0,553338990.37,0,"7,477631907","8,66%",70692973.83,"7,84%",70692900.13,"7,84%",70692900.2,"7,84%",70692900.2,"7,84%",70692900.18,"7,84%",547869976.36,"60,78%",553338990.37
"150","Mineiros","Municipios",2022-04-30,11531092.35,0,11531092.35,0,"10,69328348","5,78%",1305773.44,"5,98%",1297215.54,"5,95%",1288131.87,"5,90%",1278487.91,"5,86%",1268249.12,"5,81%",15381521.38,"70,49%",11531092.35
"151","Mogi das Cruzes","Municipios",2022-04-30,27704123.52,0,20571428.52,7132695,"4,838990957","4,04%",6241175.16,"16,28%",5767105.24,"15,05%",5326336.58,"13,90%",5106385.46,"13,32%",4884288,"12,74%",11003955.82,"28,71%",20571428.52
"152","Monte Castelo","Municipios",2022-04-30,1225879.28,0,1225879.28,0,"4,164575752","7,63%",300126.48,"15,70%",280979.17,"14,70%",263350.45,"13,78%",242401.55,"12,68%",222315.6,"11,63%",601969.65,"31,50%",1225879.28
"153","Morro da Fumaca","Municipios",2022-04-30,4583374.66,0,4583374.66,0,"10,37614201","5,77%",543528.6,"6,22%",539351.12,"6,17%",534915.33,"6,12%",530205.91,"6,07%",525206.07,"6,01%",6062454.87,"69,40%",4583374.66
"154","Morro Grande","Municipios",2022-04-30,2002003.09,0,2002003.09,0,"10,23441504","4,93%",230494.14,"6,21%",228918.21,"6,16%",227242.26,"6,12%",225462.88,"6,07%",223573.76,"6,02%",2578130.43,"69,42%",2002003.09
"155","Muriae","Municipios",2022-04-30,41047682.41,0,41047682.41,0,"3,477603568","7,91%",11221683.95,"18,42%",10394840.01,"17,06%",9610482.53,"15,78%",8786859.16,"14,42%",7947067.94,"13,05%",12955664.87,"21,27%",41047682.41
"156","Nao-Me-Toque","Municipios",2022-04-30,5e+06,0,5e+06,0,"3,158127886","3,25%",1001640.88,"13,95%",1570745.04,"21,87%",1442100.18,"20,08%",1301643.91,"18,13%",1163687.58,"16,21%",700769.61,"9,76%",5e+06
"157","Natal","Municipios",2022-04-30,195090015.04,0,195090015.04,0,"7,072556","5,26%",27271628.43,"8,63%",26974233.27,"8,54%",26658532.24,"8,44%",26323359.47,"8,33%",25967513.96,"8,22%",182809148.62,"57,85%",195090015.04
"158","Niteroi","Municipios",2022-04-30,404362120.05,0,0,404362120.05,"4,712424382","-7,20%",58228585.35,"12,82%",57842982.57,"12,73%",56503294.21,"12,44%",55159132.56,"12,14%",53852005.22,"11,85%",172764638.46,"38,02%",0
"159","Nova Alvorada do Sul","Municipios",2022-04-30,13974620.61,0,13974620.61,0,"9,08600105","6,15%",2150229.26,"8,42%",2075310.65,"8,13%",2003304.61,"7,85%",1919976.65,"7,52%",1837532.97,"7,20%",15546851.15,"60,89%",13974620.61
"160","Nova Santa Rita","Municipios",2022-04-30,4095906.63,0,4095906.63,0,"4,125529325","8,05%",1034408.06,"15,95%",967069.56,"14,91%",902780.34,"13,92%",830051.94,"12,80%",759491.94,"11,71%",1991138.07,"30,70%",4095906.63
"161","Novo Hamburgo","Municipios",2022-04-30,81964390.12,0,0,81964390.12,"7,965267344","-7,81%",7024007.09,"7,32%",6888680.73,"7,18%",6770584.11,"7,06%",6661402.08,"6,95%",6549295.99,"6,83%",61999664.88,"64,65%",0
"162","Osasco","Municipios",2022-04-30,255023430.77,0,255023430.77,0,"4,044937157","8,11%",65409650.74,"16,26%",60908256.56,"15,14%",56901068.96,"14,14%",52310088.18,"13,00%",47688580.49,"11,85%",119119704.02,"29,61%",255023430.77
"163","Osorio","Municipios",2022-04-30,15450861.98,0,15450861.98,0,"4,225973655","7,63%",3828144.6,"15,54%",3580280.41,"14,53%",3360903.27,"13,64%",3094571.44,"12,56%",2829735.55,"11,48%",7946319.45,"32,25%",15450861.98
"164","Ouro Preto","Municipios",2022-04-30,42083333.31,0,42083333.31,0,"4,178977339","8,12%",10648697.35,"15,72%",9944970.34,"14,68%",9339155.73,"13,79%",8593004.97,"12,69%",7823747.54,"11,55%",21385219.53,"31,57%",42083333.31
"165","Palmas","Municipios",2022-04-30,161132642.21,0,46448267.66,114684374.55,"5,770376533","-3,10%",14384064.05,"6,89%",24268331.4,"11,63%",23316389.29,"11,17%",22208434.88,"10,64%",21128126.91,"10,12%",103387176.01,"49,54%",46448267.66
"166","Panambi","Municipios",2022-04-30,10628571.02,0,10628571.02,0,"10,70697947","5,60%",1203571.41,"5,98%",1195684.2,"5,95%",1187311.47,"5,90%",1178422.31,"5,86%",1168984.9,"5,81%",14177629.1,"70,49%",10628571.02
"167","Paraiso","Municipios",2022-04-30,0,0,0,0,"0","0",0,"0",0,"0",0,"0",0,"0",0,"0",0,"0",0
"168","Paraiso das Aguas","Municipios",2022-04-30,4679557.29,0,4679557.29,0,"10,51116782","5,72%",533139.77,"6,07%",529596.56,"6,03%",525825.77,"5,98%",521822.37,"5,94%",517572.02,"5,89%",6161390.81,"70,10%",4679557.29
"169","Parana","Municipios",2022-04-30,3518518.5,0,3518518.5,0,"4,181013693","8,07%",887112.97,"15,86%",827279.97,"14,79%",774001.27,"13,84%",711632.71,"12,72%",649599.14,"11,61%",1744393.08,"31,18%",3518518.5
"170","Paranagua","Municipios",2022-04-30,77714699.68,0,27619937.69,50094761.99,"6,130420488","-2,19%",11713585.37,"11,51%",11114954.16,"10,92%",10563536.79,"10,38%",10025498.58,"9,85%",9459278.48,"9,29%",48905266.42,"48,05%",27619937.69
"171","Paranavai","Municipios",2022-04-30,912110.51,0,912110.51,0,"4,136376902","7,73%",225173.23,"15,85%",210673.61,"14,83%",197311.89,"13,89%",181730.95,"12,79%",166422.01,"11,71%",439362.31,"30,93%",912110.51
"172","Parauapebas","Municipios",2022-04-30,99970810.22,0,0,99970810.22,"13,7191781","-7,81%",3247089.59,"2,47%",2912494.13,"2,21%",2596332.76,"1,97%",2296100.26,"1,74%",7349635.82,"5,58%",113283743.5,"86,03%",0
"173","Passo Fundo","Municipios",2022-04-30,31230860.61,0,0,31230860.61,"6,714330839","-7,81%",3061846.62,"8,57%",3001984.42,"8,41%",2948830.1,"8,26%",2898979.5,"8,12%",2848049.2,"7,98%",20951030.41,"58,67%",0
"174","Passos Maia","Municipios",2022-04-30,1973095.78,0,1973095.78,0,"10,71793775","5,84%",233161.49,"6,07%",231378.97,"6,03%",229486.76,"5,98%",227477.83,"5,92%",225344.99,"5,87%",2692680.12,"70,13%",1973095.78
"175","Paty do Alferes","Municipios",2022-04-30,1361111.1,0,1361111.1,0,"4,072826115","8,16%",344886.48,"16,07%",322090.21,"15,01%",301622.45,"14,05%",277037.64,"12,91%",252912.9,"11,78%",647958.76,"30,19%",1361111.1
"176","Pelotas","Municipios",2022-04-30,15511323.6,0,0,15511323.6,"0,956819448","-8,70%",7879219.83,"50,34%",7771978.34,"49,66%",0,"0,00%",0,"0,00%",0,"0,00%",0,"0,00%",0
"177","Pinhalzinho","Municipios",2022-04-30,4083333.3,0,4083333.3,0,"4,119401634","8,01%",1044593.53,"16,14%",975020.52,"15,07%",906044.07,"14,00%",834960.78,"12,90%",760899.84,"11,76%",1949323.1,"30,12%",4083333.3
"178","Pinheiro Preto","Municipios",2022-04-30,1714145.14,0,1714145.14,0,"4,006164149","7,99%",439284.85,"16,37%",408313.74,"15,22%",382796.8,"14,26%",351213.49,"13,09%",320190.04,"11,93%",781798.72,"29,13%",1714145.14
"179","Piraquara","Municipios",2022-04-30,22030935.94,0,22030935.94,0,"3,639508097","7,89%",5823075.78,"17,49%",5426197.68,"16,29%",5054991.29,"15,18%",4626022.15,"13,89%",4188583.91,"12,58%",8182264.71,"24,57%",22030935.94
"180","Piripiri","Municipios",2022-04-30,4574963.83,0,4574963.83,0,"4,15616428","8,02%",1139286.47,"15,77%",1065399.85,"14,74%",999294.29,"13,83%",919488.32,"12,73%",841173.84,"11,64%",2261053.78,"31,29%",4574963.83
"181","Pojuca","Municipios",2022-04-30,6188442.67,0,6188442.67,0,"3,636057314","8,03%",1653778.65,"17,71%",1537405.96,"16,46%",1428489.55,"15,30%",1304645.84,"13,97%",1182981.16,"12,67%",2231551.12,"23,90%",6188442.67
"182","Pomerode","Municipios",2022-04-30,13186026.08,0,13186026.08,0,"3,508251811","7,85%",3577703.28,"18,22%",3316031.72,"16,88%",3081834.2,"15,69%",2810066.35,"14,31%",2543160.11,"12,95%",4311024.05,"21,95%",13186026.08
"183","Ponta Grossa","Municipios",2022-04-30,23911426.39,0,0,23911426.39,"6,714330832","-7,81%",2344255.64,"8,57%",2298423.05,"8,41%",2257726.3,"8,26%",2219558.91,"8,12%",2180564.86,"7,98%",16040832.98,"58,67%",0
"184","Ponta Pora","Municipios",2022-04-30,57469224.92,0,22811005.29,34658219.63,"8,492808022","-2,30%",4187191.65,"4,85%",4149257.06,"4,80%",7295554.07,"8,45%",7116954.86,"8,24%",6934906.71,"8,03%",56697558.96,"65,64%",22811005.29
"185","Ponte Nova","Municipios",2022-04-30,10232046.92,0,10232046.92,0,"3,519742179","7,93%",2764882,"18,07%",2558998.76,"16,72%",2379611.58,"15,55%",2168554.88,"14,17%",1965538.04,"12,85%",3463360.37,"22,63%",10232046.92
"186","Ponte Serrada","Municipios",2022-04-30,2723494.27,0,2723494.27,0,"4,051439571","7,92%",690190.37,"16,08%",641810.88,"14,95%",603580.04,"14,06%",555153.79,"12,93%",505353.05,"11,77%",1296820.93,"30,21%",2723494.27
"187","Porto Alegre","Municipios",2022-04-30,636885123.66,0,90657659.2,546227464.46,"4,890133802","-5,09%",110510731.63,"15,19%",107382181.7,"14,76%",68340410.83,"9,40%",59915641.12,"8,24%",58583719.78,"8,05%",322604959.46,"44,35%",90657659.2
"188","Porto Nacional","Municipios",2022-04-30,7289719.62,0,7289719.62,0,"4,320284433","3,37%",1748150.74,"15,20%",1633118.26,"14,20%",1540240.48,"13,39%",1422685.24,"12,37%",1307316.26,"11,37%",3849144.4,"33,47%",7289719.62
"189","Prudentopolis","Municipios",2022-04-30,9961824.09,0,9961824.09,0,"10,8940999","4,76%",1119155.29,"5,88%",1112019.38,"5,84%",1104403.39,"5,80%",1096317.66,"5,76%",1087733.24,"5,71%",13516663.95,"71,00%",9961824.09
"190","Recife","Municipios",2022-04-30,514475743.23,0,0,514475743.23,"7,899174286","-8,08%",39562808.54,"6,75%",41974192.53,"7,17%",38175616.12,"6,52%",33890330.71,"5,79%",34706569.17,"5,93%",397418327.91,"67,85%",0
"191","Relvado","Municipios",2022-04-30,1e+06,0,1e+06,0,"4,990030131","0,56%",189299.6,"11,19%",233136.99,"13,78%",220139.05,"13,01%",203872.77,"12,05%",187907.75,"11,11%",657709.94,"38,87%",1e+06
"192","Ribeirao Preto","Municipios",2022-04-30,191362279.38,0,191362279.38,0,"8,426855378","4,75%",28020141.75,"8,59%",27467860.83,"8,42%",24587098.37,"7,53%",21047875.82,"6,45%",20845751.62,"6,39%",204383381.9,"62,63%",191362279.38
"193","Rio Branco","Municipios",2022-04-30,51600114,0,51600114,0,"3,684830743","8,09%",14087385.45,"17,92%",13078572.29,"16,64%",12125167.06,"15,43%",11035919,"14,04%",9058095.56,"11,52%",19214134.37,"24,45%",51600114
"194","Rio de Janeiro","Municipios",2022-04-30,6603979906.29,0,1788168086.42,4815811819.87,"6,776368076","-3,83%",819124888.24,"10,74%",793995420.7,"10,41%",768861260.5,"10,08%",588264961.8,"7,71%",496986570.25,"6,52%",4159649358.07,"54,54%",1788168086.42
"195","Rio do Campo","Municipios",2022-04-30,470629.65,0,470629.65,0,"4,061320015","7,88%",120352.61,"16,26%",112105.62,"15,14%",104375.41,"14,10%",96177.73,"12,99%",87742.75,"11,85%",219463.65,"29,65%",470629.65
"196","Rio Grande","Municipios",2022-04-30,10143929.1,0,0,10143929.1,"2,214552583","-8,21%",2670159.3,"25,48%",2633456.62,"25,13%",2596246.14,"24,78%",2578131.69,"24,61%",0,"0,00%",0,"0,00%",0
"197","Rio Paranaiba","Municipios",2022-04-30,1648332.62,0,1648332.62,0,"3,64224806","7,86%",423110.33,"17,07%",405929.11,"16,38%",378178.17,"15,26%",345658.79,"13,94%",313469.33,"12,65%",612396.07,"24,71%",1648332.62
"198","Roca Sales","Municipios",2022-04-30,2208216.97,0,2208216.97,0,"3,967036649","7,85%",564925.68,"16,48%",526094.34,"15,34%",492123.77,"14,35%",451598.3,"13,17%",411792.37,"12,01%",982334.65,"28,65%",2208216.97
"199","Salvador","Municipios",2022-04-30,1024611886.14,0,81661542.96,942950343.18,"11,87861621","-7,00%",44745997.53,"3,46%",75652866.88,"5,85%",75614222.48,"5,85%",75665930.83,"5,86%",73415997.11,"5,68%",947196158.86,"73,30%",81661542.96
"200","Salvador do Sul","Municipios",2022-04-30,1590103.75,0,1590103.75,0,"11,07482593","4,83%",177616.07,"5,80%",176499.09,"5,77%",175310.19,"5,73%",174047.98,"5,69%",172707.95,"5,64%",2184783.99,"71,38%",1590103.75
"201","Santa Helena","Municipios",2022-04-30,891783.76,0,891783.76,0,"4,050359576","7,95%",227351.17,"16,23%",211802.25,"15,12%",198257.25,"14,15%",182016.23,"12,99%",166063.24,"11,85%",415519.71,"29,66%",891783.76
"202","Santa Maria","Municipios",2022-04-30,20755114.51,0,0,20755114.51,"2,372393622","-8,18%",4911629.15,"22,83%",4844651.77,"22,52%",4776569.02,"22,20%",4709038.88,"21,89%",2270308.83,"10,55%",0,"0,00%",0
"203","Santa Rosa","Municipios",2022-04-30,6083333.37,0,6083333.37,0,"3,044173422","7,97%",1779002.97,"20,46%",1639487.14,"18,86%",1509985.34,"17,37%",1367860.16,"15,73%",1225910.17,"14,10%",1172186.06,"13,48%",6083333.37
"204","Santa Vitoria","Municipios",2022-04-30,4201367.46,0,4201367.46,0,"10,46620608","5,43%",506655.43,"6,20%",504064.58,"6,17%",499618.5,"6,11%",494898.24,"6,06%",489886.81,"5,99%",5677965.74,"69,47%",4201367.46
"205","Santo Andre","Municipios",2022-04-30,116856866.13,0,18360252.28,98496613.85,"9,220559833","-5,05%",7322967.1,"4,85%",8004310.19,"5,30%",8761353.14,"5,80%",12543886.37,"8,30%",12030853.42,"7,96%",102389299.56,"67,78%",18360252.28
"206","Santos","Municipios",2022-04-30,78164543.27,0,0,78164543.27,"8,882739703","-8,42%",5474183,"6,27%",5418327.8,"6,20%",5357350.98,"6,13%",5298934.95,"6,06%",5240518.96,"6,00%",60585134.33,"69,34%",0
"207","Sao Bento do Sul","Municipios",2022-04-30,3250000,0,3250000,0,"5,145814491","0,82%",571922.18,"10,42%",744541.06,"13,57%",704683.68,"12,84%",653465.43,"11,91%",604625.84,"11,02%",2208334.3,"40,24%",3250000
"208","Sao Bernardo do Campo","Municipios",2022-04-30,1832372380.33,0,287229023.74,1545143356.59,"6,376231008","-5,04%",246781186.86,"10,97%",237454271.82,"10,56%",228462739.87,"10,16%",220295518.86,"9,79%",186943561.71,"8,31%",1129672639.79,"50,22%",287229023.74
"209","Sao Caetano do Sul","Municipios",2022-04-30,49377153.07,0,49377153.07,0,"4,072826396","8,07%",12449001.68,"16,04%",11630030.24,"14,99%",10894686.79,"14,04%",10011439.26,"12,90%",9144720.28,"11,79%",23463946.41,"30,24%",49377153.07
"210","Sao Gabriel do Oeste","Municipios",2022-04-30,4054973.03,0,4054973.03,0,"10,84585532","5,04%",456449.4,"5,91%",453516.76,"5,87%",450393.46,"5,83%",447077.52,"5,78%",443557.05,"5,74%",5478763.62,"70,88%",4054973.03
"211","Sao Goncalo do Amarante","Municipios",2022-04-30,78617099.39,0,0,78617099.39,"8,048662743","-6,70%",2182104.6,"2,20%",2452853.54,"2,47%",2459573.67,"2,48%",9881315.07,"9,96%",9647709.96,"9,73%",72580528.62,"73,16%",0
"212","Sao Jose do Rio Preto","Municipios",2022-04-30,0,0,0,0,"0","0",0,"0",0,"0",0,"0",0,"0",0,"0",0,"0",0
"213","Sao Jose dos Campos","Municipios",2022-04-30,273866079.6,0,0,273866079.6,"4,806488827","-7,78%",34266368.7,"11,32%",33867014.52,"11,19%",33259575.47,"10,99%",32646463.67,"10,79%",32035309.91,"10,58%",136595440.11,"45,13%",0
"214","Sao Luis","Municipios",2022-04-30,137937229.72,0,0,137937229.72,"8,667456675","-8,33%",9695662,"6,22%",9803285.96,"6,29%",9689115.71,"6,22%",9578239.89,"6,15%",9466859.3,"6,08%",107559034.82,"69,04%",0
"215","Sao Paulo","Municipios",2022-04-30,1024973534.35,0,548030873.87,476942660.48,"4,600962823","0,48%",204674962.25,"15,84%",191183164.03,"14,80%",173668878.87,"13,44%",158371860.6,"12,26%",171749257.3,"13,29%",392482741.22,"30,37%",548030873.87
"216","Sao Sebastiao do Cai","Municipios",2022-04-30,5725443.06,0,5725443.06,0,"6,075707875","2,36%",1153374.11,"12,15%",1220050.27,"12,85%",1145617.26,"12,07%",1059996.34,"11,17%",977469.96,"10,30%",3935444.36,"41,46%",5725443.06
"217","Schroeder","Municipios",2022-04-30,4267508.78,0,4267508.78,0,"10,78397164","5,42%",481314.81,"5,93%",478209.84,"5,89%",474898.16,"5,85%",471382.23,"5,81%",467649.42,"5,76%",5741474.69,"70,75%",4267508.78
"218","Serafina Correa","Municipios",2022-04-30,1983093.5,0,1983093.5,0,"11,22390087","4,77%",220684.54,"5,75%",219308.21,"5,72%",217847.2,"5,68%",216296.1,"5,64%",214649.3,"5,60%",2747360.9,"71,62%",1983093.5
"219","Serra","Municipios",2022-04-30,100690679.92,0,100690679.92,0,"2,416013226","8,00%",33455162.27,"24,75%",30592055.97,"22,64%",27789421.28,"20,56%",24833439.59,"18,38%",18475877.47,"13,67%",0,"0,00%",100690679.92
"220","Sete Lagoas","Municipios",2022-04-30,40985919.14,0,40985919.14,0,"7,976328663","5,73%",5259127.01,"7,70%",5213530.42,"7,64%",5165126.52,"7,57%",5113737.13,"7,49%",5059178.25,"7,41%",42447428.96,"62,19%",40985919.14
"221","Sidrolandia","Municipios",2022-04-30,417285.23,0,417285.23,0,"11,5684326","2,36%",45930.73,"5,61%",45653.79,"5,57%",45359.55,"5,54%",45047.18,"5,50%",44715.52,"5,46%",592335.17,"72,32%",417285.23
"222","Sobral","Municipios",2022-04-30,108666942.82,0,0,108666942.82,"7,296886679","-7,14%",2504652.29,"1,92%",2853563.76,"2,18%",12674807.97,"9,69%",12407575.06,"9,49%",12160242.52,"9,30%",88185249.26,"67,43%",0
"223","Sonora","Municipios",2022-04-30,2804854.05,0,2804854.05,0,"10,51938088","4,80%",319559.98,"6,07%",317432,"6,03%",315171.81,"5,98%",312772.23,"5,94%",310224.64,"5,89%",3693041.37,"70,10%",2804854.05
"224","Sorocaba","Municipios",2022-04-30,67902553.1,0,24804631.93,43097921.17,"6,684579748","-2,81%",6662919.51,"7,08%",9231653.83,"9,81%",9077014.58,"9,65%",8918258.92,"9,48%",8768994.33,"9,32%",51414216.61,"54,65%",24804631.93
"225","Suzano","Municipios",2022-04-30,27529654.36,0,27529654.36,0,"4,163885412","7,99%",7010126.87,"16,01%",6546197.4,"14,95%",6075789.37,"13,88%",5613369.13,"12,82%",5124609.71,"11,70%",13413845.98,"30,64%",27529654.36
"226","Tangua","Municipios",2022-04-30,14223977.51,0,14223977.51,0,"3,680728491","7,96%",3767087.84,"17,51%",3509132.78,"16,31%",3263252.14,"15,17%",2982610.29,"13,87%",2704562.33,"12,57%",5283656.66,"24,56%",14223977.51
"227","Tapejara","Municipios",2022-04-30,14952082.45,0,14952082.45,0,"8,269407744","6,14%",2495164.08,"9,47%",2389796.17,"9,07%",2292292.44,"8,70%",2179182.33,"8,27%",2067561.52,"7,85%",14924785.02,"56,64%",14952082.45
"228","Taubate","Municipios",2022-04-30,295146000,0,0,295146000,"2,84109589","-7,06%",55994176.79,"17,48%",55562758.05,"17,34%",54252384.96,"16,93%",52870336.47,"16,50%",51537909.45,"16,08%",50196293.2,"15,67%",0
"229","Telemaco Borba","Municipios",2022-04-30,0,0,0,0,"0","0",0,"0",0,"0",0,"0",0,"0",0,"0",0,"0",0
"230","Teresina","Municipios",2022-04-30,350188448.04,0,110679332.99,239509115.05,"6,778750296","-3,06%",43161268.46,"9,76%",43863101.79,"9,92%",42250051.24,"9,55%",40262133.63,"9,10%",40546284.4,"9,17%",232127742.13,"52,49%",110679332.99
"231","Timbo","Municipios",2022-04-30,21011231.27,0,21011231.27,0,"8,112926348","6,49%",3584732.21,"9,61%",3418821.23,"9,16%",3281309.36,"8,79%",3119376.71,"8,36%",2955925.82,"7,92%",20958922.35,"56,16%",21011231.27
"232","Tio Hugo","Municipios",2022-04-30,802986.44,0,802986.44,0,"10,83327106","4,91%",90568.31,"5,93%",89981.32,"5,89%",89358.15,"5,85%",88696.57,"5,81%",87994.15,"5,76%",1080331.4,"70,75%",802986.44
"233","Toledo","Municipios",2022-04-30,60637915.71,0,6449116.27,54188799.44,"5,170275385","-12,41%",7672999.28,"10,95%",7468862.92,"10,66%",7281796.01,"10,39%",7075237,"10,10%",6870059.03,"9,81%",33693123.88,"48,09%",6449116.27
"234","Ubaira","Municipios",2022-04-30,5011655.92,0,5011655.92,0,"3,491976542","8,03%",1358407.26,"18,19%",1263595.55,"16,92%",1171956.63,"15,69%",1068529.36,"14,31%",966924.63,"12,95%",1638871.04,"21,94%",5011655.92
"235","Uberaba","Municipios",2022-04-30,13063096.19,0,0,13063096.19,"1,123097983","-8,69%",6666216.9,"50,46%",6544121.59,"49,54%",0,"0,00%",0,"0,00%",0,"0,00%",0,"0,00%",0
"236","Uruguaiana","Municipios",2022-04-30,5328145.35,0,0,5328145.35,"3,135178025","-7,58%",994058.37,"17,45%",975520,"17,13%",956517.27,"16,79%",937746.78,"16,46%",918976.27,"16,13%",913532.69,"16,04%",0
"237","Vale Real","Municipios",2022-04-30,1835554.46,0,1835554.46,0,"10,77419999","5,74%",207441.76,"5,96%",206089.83,"5,92%",204654.72,"5,88%",203131.07,"5,83%",201513.41,"5,79%",2459014.06,"70,62%",1835554.46
"238","Vargeao","Municipios",2022-04-30,2216840.89,0,2216840.89,0,"4,183616275","8,02%",558352.23,"15,85%",520746.96,"14,79%",486428.8,"13,81%",448146.64,"12,72%",409141.95,"11,62%",1099032.9,"31,21%",2216840.89
"239","Veranopolis","Municipios",2022-04-30,637832.89,0,637832.89,0,"11,46064057","3,43%",70197.13,"5,62%",69897.57,"5,60%",69444.6,"5,56%",68963.67,"5,52%",68453.12,"5,48%",901676.12,"72,21%",637832.89
"240","Vicosa","Municipios",2022-04-30,3763012.83,0,3763012.83,0,"3,600503925","7,89%",1003317.35,"17,69%",932548.63,"16,44%",868172.38,"15,30%",792922.74,"13,98%",718461.14,"12,66%",1357397.35,"23,93%",3763012.83
"241","Vila Velha","Municipios",2022-04-30,28263180.96,0,0,28263180.96,"7,381474234","-6,60%",901595.47,"2,56%",904065.6,"2,57%",3572036.83,"10,15%",3486170.65,"9,90%",3400304.36,"9,66%",22945500.92,"65,17%",0
"242","Virmond","Municipios",2022-04-30,1e+06,0,1e+06,0,"5,159563363","3,83%",168484.72,"9,95%",232271.22,"13,71%",219213.46,"12,94%",203445.29,"12,01%",187949.42,"11,09%",682660.03,"40,30%",1e+06
"243","Vitoria","Municipios",2022-04-30,104561358.27,0,0,104561358.27,"5,807858114","-7,81%",13818635.47,"11,39%",12604239.3,"10,39%",11423143.86,"9,42%",11015175.11,"9,08%",10814940.58,"8,91%",61641614.3,"50,81%",0
"244","Votuporanga","Municipios",2022-04-30,15714285.68,0,15714285.68,0,"2,782482343","7,77%",4708547.6,"22,03%",4343748.27,"20,33%",3981684.61,"18,63%",3614945.82,"16,92%",3238397.64,"15,15%",1483374.87,"6,94%",15714285.68
