Relatório de Composição de Garantias;;;;;;;;;;;;;;;;;;;;;;;;;;;;;;;;;;;;;;;;;;
Data de Emissão: 11/05/2022 09:04;;;;;;;;;;;;;;;;;;;;;;;;;;;;;;;;;;;;;;;;;;
Tipo de Dívida: Interna - Externa;;;;;;;;;;;;;;;;;;;;;;;;;;;;;;;;;;;;;;;;;;
Selecionar mutuário(s) por: Não Informado;;;;;;;;;;;;;;;;;;;;;;;;;;;;;;;;;;;;;;;;;;
Credor(es): Não Informado;;;;;;;;;;;;;;;;;;;;;;;;;;;;;;;;;;;;;;;;;;
Selecionar operação de crédito por: Não Informado;;;;;;;;;;;;;;;;;;;;;;;;;;;;;;;;;;;;;;;;;;
Tipo de Cálculo: Apropriação;;;;;;;;;;;;;;;;;;;;;;;;;;;;;;;;;;;;;;;;;;
Posição: Estatístico;;;;;;;;;;;;;;;;;;;;;;;;;;;;;;;;;;;;;;;;;;
Data de Referência: 30/04/2022;;;;;;;;;;;;;;;;;;;;;;;;;;;;;;;;;;;;;;;;;;
Tipo de Composição: Indexador;;;;;;;;;;;;;;;;;;;;;;;;;;;;;;;;;;;;;;;;;;
;;;;;;;;;;;;;;;;;;;;;;;;;;;;;;;;;;;;;;;;;;
;Totais;Totais;Totais;Totais;Totais;Totais;Totais;Totais;Totais;Totais;Totais;Totais;Totais;Totais;Totais;Totais;Interna;Interna;Interna;Interna;Interna;Interna;Interna;Interna;Interna;Interna;Interna;Interna;Interna;Interna;Interna;Interna;Externa;Externa;Externa;Externa;Externa;Externa;Externa;Externa;Externa;Externa
Agrupador;Total (R$);Total (%);IPCA (R$);IPCA (%);IPCA CS (R$);IPCA CS (%);SELIC (R$);SELIC (%);TJLP (R$);TJLP (%);TR (R$);TR (%);Cambial (R$);Cambial (%);Não Indexados (R$);Não Indexados (%);Total (R$);Total (%);220 - USD (R$);220 - USD (%);IPCA (R$);IPCA (%);IPCA CS (R$);IPCA CS (%);SELIC (R$);SELIC (%);TJLP (R$);TJLP (%);TR (R$);TR (%);Não Indexados (R$);Não Indexados (%);Total (R$);Total (%);USD (R$);USD (%);EUR (R$);EUR (%);JPY (R$);JPY (%);Demais (R$);Demais (%)
Todas;273.382.237.521,20;100%;2.155.761.175,59;0,79%;528.821.600,05;0,19%;1.477.277.547,05;0,54%;42.843.210.539,48;15,67%;2.812.972.574,67;1,03%;197.290.345.215,81;72,17%;26.273.848.868,55;9,61%;107.892.332.139,78;100%;31.800.439.834,39;29,47%;2.155.761.175,59;2,00%;528.821.600,05;0,49%;1.477.277.547,05;1,37%;42.843.210.539,48;39,71%;2.812.972.574,67;2,61%;26.273.848.868,55;24,35%;165.489.905.381,42;100%;158.787.554.301,42;95,95%;3.917.734.350,42;2,37%;2.381.163.901,30;1,44%;403.452.828,28;0,24%
Estados;211.980.420.775,27;77,54%;1.921.050.799,46;0,70%;528.821.600,05;0,19%;1.477.277.547,05;0,54%;37.503.007.141,54;13,72%;1.462.656.504,49;0,54%;151.192.194.169,15;55,30%;17.895.413.013,52;6,55%;92.588.666.440,51;85,82%;31.800.439.834,39;29,47%;1.921.050.799,46;1,78%;528.821.600,05;0,49%;1.477.277.547,05;1,37%;37.503.007.141,54;34,76%;1.462.656.504,49;1,36%;17.895.413.013,52;16,59%;119.391.754.334,76;72,14%;115.277.226.653,59;69,66%;3.386.389.436,25;2,05%;324.685.416,64;0,20%;403.452.828,28;0,24%
São Paulo;35.739.687.835,07;13,07%;0;0,00%;0;0,00%;0;0,00%;1.742.987.026,86;0,64%;0;0,00%;32.414.944.135,46;11,86%;1.581.756.672,75;0,58%;9.593.487.485,44;8,89%;6.268.743.785,83;5,81%;0;0,00%;0;0,00%;0;0,00%;1.742.987.026,86;1,62%;0;0,00%;1.581.756.672,75;1,47%;26.146.200.349,63;15,80%;23.944.208.850,58;14,47%;2.201.991.499,05;1,33%;0;0,00%;0;0,00%
Rio de Janeiro;33.574.981.191,37;12,28%;1.921.050.799,46;0,70%;528.821.600,05;0,19%;1.468.692.556,48;0,54%;5.534.486.548,03;2,02%;196.926.239,35;0,07%;23.925.003.448,00;8,75%;0;0,00%;19.576.037.429,95;18,14%;9.926.059.686,58;9,20%;1.921.050.799,46;1,78%;528.821.600,05;0,49%;1.468.692.556,48;1,36%;5.534.486.548,03;5,13%;196.926.239,35;0,18%;0;0,00%;13.998.943.761,42;8,46%;13.998.943.761,42;8,46%;0;0,00%;0;0,00%;0;0,00%
Minas Gerais;21.750.119.573,75;7,96%;0;0,00%;0;0,00%;0;0,00%;1.281.687.013,42;0,47%;132.920.546,44;0,05%;20.335.512.013,89;7,44%;0;0,00%;9.351.180.524,75;8,67%;7.936.572.964,89;7,36%;0;0,00%;0;0,00%;0;0,00%;1.281.687.013,42;1,19%;132.920.546,44;0,12%;0;0,00%;12.398.939.049,00;7,49%;11.258.189.920,80;6,80%;1.140.749.128,20;0,69%;0;0,00%;0;0,00%
Bahia;15.245.843.686,30;5,58%;0;0,00%;0;0,00%;0;0,00%;1.657.980.729,77;0,61%;0;0,00%;13.274.150.433,82;4,86%;313.712.522,71;0,11%;3.611.891.833,81;3,35%;1.640.198.581,33;1,52%;0;0,00%;0;0,00%;0;0,00%;1.657.980.729,77;1,54%;0;0,00%;313.712.522,71;0,29%;11.633.951.852,49;7,03%;11.476.119.682,46;6,93%;0;0,00%;7.937.087,57;0,00%;149.895.082,46;0,09%
Ceará;13.880.463.540,20;5,08%;0;0,00%;0;0,00%;0;0,00%;1.356.863.965,67;0,50%;296.800.397,26;0,11%;8.862.008.929,04;3,24%;3.364.790.248,23;1,23%;5.115.463.775,87;4,74%;97.009.164,71;0,09%;0;0,00%;0;0,00%;0;0,00%;1.356.863.965,67;1,26%;296.800.397,26;0,28%;3.364.790.248,23;3,12%;8.764.999.764,33;5,30%;8.637.125.528,75;5,22%;36.755.786,04;0,02%;216.328,26;0,00%;90.902.121,29;0,05%
Rio Grande do Sul;10.607.130.959,76;3,88%;0;0,00%;0;0,00%;8.584.990,57;0,00%;1.248.701.726,07;0,46%;0;0,00%;9.349.844.243,12;3,42%;0;0,00%;1.257.286.716,64;1,17%;0;0,00%;0;0,00%;0;0,00%;8.584.990,57;0,01%;1.248.701.726,07;1,16%;0;0,00%;0;0,00%;9.349.844.243,12;5,65%;9.349.844.243,12;5,65%;0;0,00%;0;0,00%;0;0,00%
Pernambuco;9.935.074.945,53;3,63%;0;0,00%;0;0,00%;0;0,00%;1.228.861.261,03;0,45%;0;0,00%;8.347.778.913,53;3,05%;358.434.770,97;0,13%;1.700.878.047,10;1,58%;113.582.015,10;0,11%;0;0,00%;0;0,00%;0;0,00%;1.228.861.261,03;1,14%;0;0,00%;358.434.770,97;0,33%;8.234.196.898,43;4,98%;8.227.303.875,46;4,97%;6.893.022,96;0,00%;0;0,00%;0;0,00%
Santa Catarina;8.885.874.383,06;3,25%;0;0,00%;0;0,00%;0;0,00%;3.436.171.468,57;1,26%;0;0,00%;3.715.025.521,93;1,36%;1.734.677.392,56;0,63%;6.577.784.595,39;6,10%;1.406.935.734,26;1,30%;0;0,00%;0;0,00%;0;0,00%;3.436.171.468,57;3,18%;0;0,00%;1.734.677.392,56;1,61%;2.308.089.787,67;1,39%;2.308.089.787,67;1,39%;0;0,00%;0;0,00%;0;0,00%
Goiás;8.194.874.997,55;3,00%;0;0,00%;0;0,00%;0;0,00%;4.138.398.068,90;1,51%;0;0,00%;2.412.599.713,95;0,88%;1.643.877.214,70;0,60%;8.154.627.128,79;7,56%;2.372.351.845,19;2,20%;0;0,00%;0;0,00%;0;0,00%;4.138.398.068,90;3,84%;0;0,00%;1.643.877.214,70;1,52%;40.247.868,76;0,02%;40.247.868,76;0,02%;0;0,00%;0;0,00%;0;0,00%
Amazonas;8.040.272.248,16;2,94%;0;0,00%;0;0,00%;0;0,00%;370.428.192,40;0,14%;0;0,00%;5.203.702.987,17;1,90%;2.466.141.068,59;0,90%;2.836.569.260,99;2,63%;0;0,00%;0;0,00%;0;0,00%;0;0,00%;370.428.192,40;0,34%;0;0,00%;2.466.141.068,59;2,29%;5.203.702.987,17;3,14%;5.203.702.987,17;3,14%;0;0,00%;0;0,00%;0;0,00%
Paraná;6.301.048.136,36;2,30%;0;0,00%;0;0,00%;0;0,00%;975.655.459,38;0,36%;0;0,00%;3.158.726.010,30;1,16%;2.166.666.666,68;0,79%;3.142.322.126,06;2,91%;0;0,00%;0;0,00%;0;0,00%;0;0,00%;975.655.459,38;0,90%;0;0,00%;2.166.666.666,68;2,01%;3.158.726.010,30;1,91%;3.110.220.138,18;1,88%;0;0,00%;48.505.872,12;0,03%;0;0,00%
Piauí;5.659.734.992,39;2,07%;0;0,00%;0;0,00%;0;0,00%;637.291.916,86;0,23%;0;0,00%;3.401.732.597,50;1,24%;1.620.710.478,03;0,59%;3.049.926.666,28;2,83%;791.924.271,39;0,73%;0;0,00%;0;0,00%;0;0,00%;637.291.916,86;0,59%;0;0,00%;1.620.710.478,03;1,50%;2.609.808.326,11;1,58%;2.556.337.880,25;1,54%;0;0,00%;0;0,00%;53.470.445,86;0,03%
Espírito Santo;5.150.123.497,27;1,88%;0;0,00%;0;0,00%;0;0,00%;3.016.487.689,32;1,10%;701.932.757,62;0,26%;1.389.506.162,77;0,51%;42.196.887,57;0,02%;3.760.617.334,51;3,49%;0;0,00%;0;0,00%;0;0,00%;0;0,00%;3.016.487.689,32;2,80%;701.932.757,62;0,65%;42.196.887,57;0,04%;1.389.506.162,77;0,84%;1.389.506.162,77;0,84%;0;0,00%;0;0,00%;0;0,00%
Maranhão;4.176.953.567,27;1,53%;0;0,00%;0;0,00%;0;0,00%;2.967.670.313,88;1,09%;0;0,00%;872.187.714,84;0,32%;337.095.538,55;0,12%;3.304.765.852,43;3,06%;0;0,00%;0;0,00%;0;0,00%;0;0,00%;2.967.670.313,88;2,75%;0;0,00%;337.095.538,55;0,31%;872.187.714,84;0,53%;872.187.714,84;0,53%;0;0,00%;0;0,00%;0;0,00%
Pará;3.109.847.663,76;1,14%;0;0,00%;0;0,00%;0;0,00%;633.946.675,96;0,23%;0;0,00%;1.738.913.800,50;0,64%;736.987.187,30;0,27%;1.370.933.863,26;1,27%;0;0,00%;0;0,00%;0;0,00%;0;0,00%;633.946.675,96;0,59%;0;0,00%;736.987.187,30;0,68%;1.738.913.800,50;1,05%;1.470.887.671,80;0,89%;0;0,00%;268.026.128,70;0,16%;0;0,00%
Alagoas;2.918.544.110,91;1,07%;0;0,00%;0;0,00%;0;0,00%;608.035.766,96;0,22%;0;0,00%;1.798.467.441,65;0,66%;512.040.902,30;0,19%;1.120.076.669,26;1,04%;0;0,00%;0;0,00%;0;0,00%;0;0,00%;608.035.766,96;0,56%;0;0,00%;512.040.902,30;0,47%;1.798.467.441,65;1,09%;1.798.467.441,65;1,09%;0;0,00%;0;0,00%;0;0,00%
Acre;2.669.070.214,39;0,98%;0;0,00%;0;0,00%;0;0,00%;589.527.386,20;0,22%;0;0,00%;2.079.542.828,19;0,76%;0;0,00%;589.527.386,20;0,55%;0;0,00%;0;0,00%;0;0,00%;0;0,00%;589.527.386,20;0,55%;0;0,00%;0;0,00%;2.079.542.828,19;1,26%;2.079.542.828,19;1,26%;0;0,00%;0;0,00%;0;0,00%
Tocantins;2.499.204.643,10;0,91%;0;0,00%;0;0,00%;0;0,00%;343.869.058,61;0,13%;0;0,00%;1.945.658.165,12;0,71%;209.677.419,37;0,08%;1.121.213.140,01;1,04%;567.666.662,03;0,53%;0;0,00%;0;0,00%;0;0,00%;343.869.058,61;0,32%;0;0,00%;209.677.419,37;0,19%;1.377.991.503,09;0,83%;1.377.991.503,09;0,83%;0;0,00%;0;0,00%;0;0,00%
Mato Grosso;2.354.079.193,45;0,86%;0;0,00%;0;0,00%;0;0,00%;774.079.527,51;0,28%;0;0,00%;1.113.794.657,81;0,41%;466.205.008,13;0,17%;1.240.284.535,64;1,15%;0;0,00%;0;0,00%;0;0,00%;0;0,00%;774.079.527,51;0,72%;0;0,00%;466.205.008,13;0,43%;1.113.794.657,81;0,67%;1.113.794.657,81;0,67%;0;0,00%;0;0,00%;0;0,00%
Distrito Federal;2.199.583.396,81;0,80%;0;0,00%;0;0,00%;0;0,00%;243.891.223,37;0,09%;0;0,00%;1.615.249.138,36;0,59%;340.443.035,08;0,12%;1.228.582.456,69;1,14%;644.248.198,24;0,60%;0;0,00%;0;0,00%;0;0,00%;243.891.223,37;0,23%;0;0,00%;340.443.035,08;0,32%;971.000.940,12;0,59%;971.000.940,12;0,59%;0;0,00%;0;0,00%;0;0,00%
Mato Grosso do Sul;1.977.057.365,01;0,72%;0;0,00%;0;0,00%;0;0,00%;586.569.179,49;0,21%;0;0,00%;1.390.488.185,52;0,51%;0;0,00%;586.569.179,49;0,54%;0;0,00%;0;0,00%;0;0,00%;0;0,00%;586.569.179,49;0,54%;0;0,00%;0;0,00%;1.390.488.185,52;0,84%;1.390.488.185,52;0,84%;0;0,00%;0;0,00%;0;0,00%
Rio Grande do Norte;1.789.858.511,15;0,65%;0;0,00%;0;0,00%;0;0,00%;386.644.813,74;0,14%;0;0,00%;1.403.213.697,41;0,51%;0;0,00%;421.791.738,58;0,39%;35.146.924,84;0,03%;0;0,00%;0;0,00%;0;0,00%;386.644.813,74;0,36%;0;0,00%;0;0,00%;1.368.066.772,57;0,83%;1.368.066.772,57;0,83%;0;0,00%;0;0,00%;0;0,00%
Sergipe;1.698.164.742,77;0,62%;0;0,00%;0;0,00%;0;0,00%;521.644.522,20;0,19%;134.076.563,83;0,05%;1.042.443.656,74;0,38%;0;0,00%;655.721.086,03;0,61%;0;0,00%;0;0,00%;0;0,00%;0;0,00%;521.644.522,20;0,48%;134.076.563,83;0,12%;0;0,00%;1.042.443.656,74;0,63%;996.997.021,42;0,60%;0;0,00%;0;0,00%;45.446.635,33;0,03%
Amapá;1.388.727.869,13;0,51%;0;0,00%;0;0,00%;0;0,00%;1.388.727.869,13;0,51%;0;0,00%;0;0,00%;0;0,00%;1.388.727.869,13;1,29%;0;0,00%;0;0,00%;0;0,00%;0;0,00%;1.388.727.869,13;1,29%;0;0,00%;0;0,00%;0;0,00%;0;0,00%;0;0,00%;0;0,00%;0;0,00%
Paraíba;1.349.054.444,03;0,49%;0;0,00%;0;0,00%;0;0,00%;968.978.291,71;0,35%;0;0,00%;380.076.152,32;0,14%;0;0,00%;968.978.291,71;0,90%;0;0,00%;0;0,00%;0;0,00%;0;0,00%;968.978.291,71;0,90%;0;0,00%;0;0,00%;380.076.152,32;0,23%;316.337.608,97;0,19%;0;0,00%;0;0,00%;63.738.543,34;0,04%
Roraima;627.722.122,69;0,23%;0;0,00%;0;0,00%;0;0,00%;627.722.122,69;0,23%;0;0,00%;0;0,00%;0;0,00%;627.722.122,69;0,58%;0;0,00%;0;0,00%;0;0,00%;0;0,00%;627.722.122,69;0,58%;0;0,00%;0;0,00%;0;0,00%;0;0,00%;0;0,00%;0;0,00%;0;0,00%
Rondônia;257.322.944,04;0,09%;0;0,00%;0;0,00%;0;0,00%;235.699.323,81;0,09%;0;0,00%;21.623.620,23;0,01%;0;0,00%;235.699.323,81;0,22%;0;0,00%;0;0,00%;0;0,00%;0;0,00%;235.699.323,81;0,22%;0;0,00%;0;0,00%;21.623.620,23;0,01%;21.623.620,23;0,01%;0;0,00%;0;0,00%;0;0,00%
Municípios;27.932.682.986,64;10,22%;234.710.376,13;0,09%;0;0,00%;0;0,00%;1.692.303.291,74;0,62%;1.350.316.070,17;0,49%;19.767.617.234,47;7,23%;4.887.736.014,12;1,79%;8.165.065.752,16;7,57%;0;0,00%;234.710.376,13;0,22%;0;0,00%;0;0,00%;1.692.303.291,74;1,57%;1.350.316.070,17;1,25%;4.887.736.014,12;4,53%;19.767.617.234,47;11,94%;19.544.947.565,21;11,81%;179.721.001,10;0,11%;42.948.668,16;0,03%;0;0,00%
Rio de Janeiro;6.603.979.906,29;2,42%;234.710.376,13;0,09%;0;0,00%;0;0,00%;1.553.457.710,29;0,57%;0;0,00%;4.815.811.819,87;1,76%;0;0,00%;1.788.168.086,42;1,66%;0;0,00%;234.710.376,13;0,22%;0;0,00%;0;0,00%;1.553.457.710,29;1,44%;0;0,00%;0;0,00%;4.815.811.819,87;2,91%;4.815.811.819,87;2,91%;0;0,00%;0;0,00%;0;0,00%
Manaus;2.359.491.922,66;0,86%;0;0,00%;0;0,00%;0;0,00%;0;0,00%;0;0,00%;1.109.786.151,15;0,41%;1.249.705.771,51;0,46%;1.249.705.771,51;1,16%;0;0,00%;0;0,00%;0;0,00%;0;0,00%;0;0,00%;0;0,00%;1.249.705.771,51;1,16%;1.109.786.151,15;0,67%;1.109.786.151,15;0,67%;0;0,00%;0;0,00%;0;0,00%
Fortaleza;2.141.099.480,29;0,78%;0;0,00%;0;0,00%;0;0,00%;34.003.082,05;0,01%;135.467.657,82;0,05%;1.799.214.947,30;0,66%;172.413.793,12;0,06%;341.884.532,99;0,32%;0;0,00%;0;0,00%;0;0,00%;0;0,00%;34.003.082,05;0,03%;135.467.657,82;0,13%;172.413.793,12;0,16%;1.799.214.947,30;1,09%;1.799.214.947,30;1,09%;0;0,00%;0;0,00%;0;0,00%
São Bernardo do Campo;1.832.372.380,33;0,67%;0;0,00%;0;0,00%;0;0,00%;0;0,00%;0;0,00%;1.545.143.356,59;0,57%;287.229.023,74;0,11%;287.229.023,74;0,27%;0;0,00%;0;0,00%;0;0,00%;0;0,00%;0;0,00%;0;0,00%;287.229.023,74;0,27%;1.545.143.356,59;0,93%;1.545.143.356,59;0,93%;0;0,00%;0;0,00%;0;0,00%
Belo Horizonte;1.663.598.619,89;0,61%;0;0,00%;0;0,00%;0;0,00%;0;0,00%;0;0,00%;1.448.606.036,16;0,53%;214.992.583,73;0,08%;214.992.583,73;0,20%;0;0,00%;0;0,00%;0;0,00%;0;0,00%;0;0,00%;0;0,00%;214.992.583,73;0,20%;1.448.606.036,16;0,88%;1.448.606.036,16;0,88%;0;0,00%;0;0,00%;0;0,00%
São Paulo;1.024.973.534,35;0,37%;0;0,00%;0;0,00%;0;0,00%;0;0,00%;1.888.016,90;0,00%;476.942.660,48;0,17%;546.142.856,97;0,20%;548.030.873,87;0,51%;0;0,00%;0;0,00%;0;0,00%;0;0,00%;0;0,00%;1.888.016,90;0,00%;546.142.856,97;0,51%;476.942.660,48;0,29%;476.942.660,48;0,29%;0;0,00%;0;0,00%;0;0,00%
Salvador;1.024.611.886,14;0,37%;0;0,00%;0;0,00%;0;0,00%;0;0,00%;0;0,00%;942.950.343,18;0,34%;81.661.542,96;0,03%;81.661.542,96;0,08%;0;0,00%;0;0,00%;0;0,00%;0;0,00%;0;0,00%;0;0,00%;81.661.542,96;0,08%;942.950.343,18;0,57%;942.950.343,18;0,57%;0;0,00%;0;0,00%;0;0,00%
Porto Alegre;636.885.123,66;0,23%;0;0,00%;0;0,00%;0;0,00%;90.657.659,20;0,03%;0;0,00%;546.227.464,46;0,20%;0;0,00%;90.657.659,20;0,08%;0;0,00%;0;0,00%;0;0,00%;0;0,00%;90.657.659,20;0,08%;0;0,00%;0;0,00%;546.227.464,46;0,33%;546.227.464,46;0,33%;0;0,00%;0;0,00%;0;0,00%
Goiânia;567.422.091,31;0,21%;0;0,00%;0;0,00%;0;0,00%;0;0,00%;0;0,00%;179.695.490,53;0,07%;387.726.600,78;0,14%;387.726.600,78;0,36%;0;0,00%;0;0,00%;0;0,00%;0;0,00%;0;0,00%;0;0,00%;387.726.600,78;0,36%;179.695.490,53;0,11%;179.695.490,53;0,11%;0;0,00%;0;0,00%;0;0,00%
Mauá;553.338.990,37;0,20%;0;0,00%;0;0,00%;0;0,00%;0;0,00%;553.338.990,37;0,20%;0;0,00%;0;0,00%;553.338.990,37;0,51%;0;0,00%;0;0,00%;0;0,00%;0;0,00%;0;0,00%;553.338.990,37;0,51%;0;0,00%;0;0,00%;0;0,00%;0;0,00%;0;0,00%;0;0,00%
Recife;514.475.743,23;0,19%;0;0,00%;0;0,00%;0;0,00%;0;0,00%;0;0,00%;514.475.743,23;0,19%;0;0,00%;0;0,00%;0;0,00%;0;0,00%;0;0,00%;0;0,00%;0;0,00%;0;0,00%;0;0,00%;514.475.743,23;0,31%;514.475.743,23;0,31%;0;0,00%;0;0,00%;0;0,00%
Curitiba;508.559.538,06;0,19%;0;0,00%;0;0,00%;0;0,00%;0;0,00%;0;0,00%;355.278.280,63;0,13%;153.281.257,43;0,06%;153.281.257,43;0,14%;0;0,00%;0;0,00%;0;0,00%;0;0,00%;0;0,00%;0;0,00%;153.281.257,43;0,14%;355.278.280,63;0,21%;166.956.048,78;0,10%;145.373.563,69;0,09%;42.948.668,16;0,03%;0;0,00%
Niterói;404.362.120,05;0,15%;0;0,00%;0;0,00%;0;0,00%;0;0,00%;0;0,00%;404.362.120,05;0,15%;0;0,00%;0;0,00%;0;0,00%;0;0,00%;0;0,00%;0;0,00%;0;0,00%;0;0,00%;0;0,00%;404.362.120,05;0,24%;404.362.120,05;0,24%;0;0,00%;0;0,00%;0;0,00%
Teresina;350.188.448,04;0,13%;0;0,00%;0;0,00%;0;0,00%;0;0,00%;0;0,00%;239.509.115,05;0,09%;110.679.332,99;0,04%;110.679.332,99;0,10%;0;0,00%;0;0,00%;0;0,00%;0;0,00%;0;0,00%;0;0,00%;110.679.332,99;0,10%;239.509.115,05;0,14%;239.509.115,05;0,14%;0;0,00%;0;0,00%;0;0,00%
Caucaia;301.326.037,89;0,11%;0;0,00%;0;0,00%;0;0,00%;0;0,00%;0;0,00%;301.326.037,89;0,11%;0;0,00%;0;0,00%;0;0,00%;0;0,00%;0;0,00%;0;0,00%;0;0,00%;0;0,00%;0;0,00%;301.326.037,89;0,18%;301.326.037,89;0,18%;0;0,00%;0;0,00%;0;0,00%
Taubaté;295.146.000,00;0,11%;0;0,00%;0;0,00%;0;0,00%;0;0,00%;0;0,00%;295.146.000,00;0,11%;0;0,00%;0;0,00%;0;0,00%;0;0,00%;0;0,00%;0;0,00%;0;0,00%;0;0,00%;0;0,00%;295.146.000,00;0,18%;295.146.000,00;0,18%;0;0,00%;0;0,00%;0;0,00%
São José dos Campos;273.866.079,60;0,10%;0;0,00%;0;0,00%;0;0,00%;0;0,00%;0;0,00%;273.866.079,60;0,10%;0;0,00%;0;0,00%;0;0,00%;0;0,00%;0;0,00%;0;0,00%;0;0,00%;0;0,00%;0;0,00%;273.866.079,60;0,17%;273.866.079,60;0,17%;0;0,00%;0;0,00%;0;0,00%
Florianópolis;271.567.281,71;0,10%;0;0,00%;0;0,00%;0;0,00%;0;0,00%;0;0,00%;271.567.281,71;0,10%;0;0,00%;0;0,00%;0;0,00%;0;0,00%;0;0,00%;0;0,00%;0;0,00%;0;0,00%;0;0,00%;271.567.281,71;0,16%;271.567.281,71;0,16%;0;0,00%;0;0,00%;0;0,00%
Osasco;255.023.430,77;0,09%;0;0,00%;0;0,00%;0;0,00%;0;0,00%;0;0,00%;0;0,00%;255.023.430,77;0,09%;255.023.430,77;0,24%;0;0,00%;0;0,00%;0;0,00%;0;0,00%;0;0,00%;0;0,00%;255.023.430,77;0,24%;0;0,00%;0;0,00%;0;0,00%;0;0,00%;0;0,00%
Campo Grande;238.967.122,03;0,09%;0;0,00%;0;0,00%;0;0,00%;0;0,00%;0;0,00%;238.967.122,03;0,09%;0;0,00%;0;0,00%;0;0,00%;0;0,00%;0;0,00%;0;0,00%;0;0,00%;0;0,00%;0;0,00%;238.967.122,03;0,14%;238.967.122,03;0,14%;0;0,00%;0;0,00%;0;0,00%
Belém;235.891.784,08;0,09%;0;0,00%;0;0,00%;0;0,00%;0;0,00%;0;0,00%;235.891.784,08;0,09%;0;0,00%;0;0,00%;0;0,00%;0;0,00%;0;0,00%;0;0,00%;0;0,00%;0;0,00%;0;0,00%;235.891.784,08;0,14%;235.891.784,08;0,14%;0;0,00%;0;0,00%;0;0,00%
Joinville;231.499.036,92;0,08%;0;0,00%;0;0,00%;0;0,00%;0;0,00%;0;0,00%;198.318.681,36;0,07%;33.180.355,56;0,01%;33.180.355,56;0,03%;0;0,00%;0;0,00%;0;0,00%;0;0,00%;0;0,00%;0;0,00%;33.180.355,56;0,03%;198.318.681,36;0,12%;198.318.681,36;0,12%;0;0,00%;0;0,00%;0;0,00%
Blumenau;229.927.242,37;0,08%;0;0,00%;0;0,00%;0;0,00%;0;0,00%;0;0,00%;229.927.242,37;0,08%;0;0,00%;0;0,00%;0;0,00%;0;0,00%;0;0,00%;0;0,00%;0;0,00%;0;0,00%;0;0,00%;229.927.242,37;0,14%;229.927.242,37;0,14%;0;0,00%;0;0,00%;0;0,00%
Hortolândia;207.313.540,67;0,08%;0;0,00%;0;0,00%;0;0,00%;0;0,00%;0;0,00%;207.313.540,67;0,08%;0;0,00%;0;0,00%;0;0,00%;0;0,00%;0;0,00%;0;0,00%;0;0,00%;0;0,00%;0;0,00%;207.313.540,67;0,13%;207.313.540,67;0,13%;0;0,00%;0;0,00%;0;0,00%
Camaçari;196.345.563,35;0,07%;0;0,00%;0;0,00%;0;0,00%;0;0,00%;0;0,00%;196.345.563,35;0,07%;0;0,00%;0;0,00%;0;0,00%;0;0,00%;0;0,00%;0;0,00%;0;0,00%;0;0,00%;0;0,00%;196.345.563,35;0,12%;196.345.563,35;0,12%;0;0,00%;0;0,00%;0;0,00%
Natal;195.090.015,04;0,07%;0;0,00%;0;0,00%;0;0,00%;0;0,00%;195.090.015,04;0,07%;0;0,00%;0;0,00%;195.090.015,04;0,18%;0;0,00%;0;0,00%;0;0,00%;0;0,00%;0;0,00%;195.090.015,04;0,18%;0;0,00%;0;0,00%;0;0,00%;0;0,00%;0;0,00%;0;0,00%
Ribeirão Preto;191.362.279,38;0,07%;0;0,00%;0;0,00%;0;0,00%;14.184.840,20;0,01%;177.177.439,18;0,06%;0;0,00%;0;0,00%;191.362.279,38;0,18%;0;0,00%;0;0,00%;0;0,00%;0;0,00%;14.184.840,20;0,01%;177.177.439,18;0,16%;0;0,00%;0;0,00%;0;0,00%;0;0,00%;0;0,00%;0;0,00%
Corumbá;166.228.557,82;0,06%;0;0,00%;0;0,00%;0;0,00%;0;0,00%;0;0,00%;166.228.557,82;0,06%;0;0,00%;0;0,00%;0;0,00%;0;0,00%;0;0,00%;0;0,00%;0;0,00%;0;0,00%;0;0,00%;166.228.557,82;0,10%;166.228.557,82;0,10%;0;0,00%;0;0,00%;0;0,00%
Caxias do Sul;164.573.687,46;0,06%;0;0,00%;0;0,00%;0;0,00%;0;0,00%;0;0,00%;126.965.707,35;0,05%;37.607.980,11;0,01%;37.607.980,11;0,03%;0;0,00%;0;0,00%;0;0,00%;0;0,00%;0;0,00%;0;0,00%;37.607.980,11;0,03%;126.965.707,35;0,08%;126.965.707,35;0,08%;0;0,00%;0;0,00%;0;0,00%
Palmas;161.132.642,21;0,06%;0;0,00%;0;0,00%;0;0,00%;0;0,00%;0;0,00%;114.684.374,55;0,04%;46.448.267,66;0,02%;46.448.267,66;0,04%;0;0,00%;0;0,00%;0;0,00%;0;0,00%;0;0,00%;0;0,00%;46.448.267,66;0,04%;114.684.374,55;0,07%;114.684.374,55;0,07%;0;0,00%;0;0,00%;0;0,00%
Itajaí;155.373.771,40;0,06%;0;0,00%;0;0,00%;0;0,00%;0;0,00%;0;0,00%;155.373.771,40;0,06%;0;0,00%;0;0,00%;0;0,00%;0;0,00%;0;0,00%;0;0,00%;0;0,00%;0;0,00%;0;0,00%;155.373.771,40;0,09%;155.373.771,40;0,09%;0;0,00%;0;0,00%;0;0,00%
Maceió;154.284.418,36;0,06%;0;0,00%;0;0,00%;0;0,00%;0;0,00%;0;0,00%;154.284.418,36;0,06%;0;0,00%;0;0,00%;0;0,00%;0;0,00%;0;0,00%;0;0,00%;0;0,00%;0;0,00%;0;0,00%;154.284.418,36;0,09%;154.284.418,36;0,09%;0;0,00%;0;0,00%;0;0,00%
Cascavel;142.835.707,99;0,05%;0;0,00%;0;0,00%;0;0,00%;0;0,00%;0;0,00%;117.169.041,33;0,04%;25.666.666,66;0,01%;25.666.666,66;0,02%;0;0,00%;0;0,00%;0;0,00%;0;0,00%;0;0,00%;0;0,00%;25.666.666,66;0,02%;117.169.041,33;0,07%;117.169.041,33;0,07%;0;0,00%;0;0,00%;0;0,00%
Aparecida de Goiânia;138.513.657,63;0,05%;0;0,00%;0;0,00%;0;0,00%;0;0,00%;0;0,00%;138.513.657,63;0,05%;0;0,00%;0;0,00%;0;0,00%;0;0,00%;0;0,00%;0;0,00%;0;0,00%;0;0,00%;0;0,00%;138.513.657,63;0,08%;138.513.657,63;0,08%;0;0,00%;0;0,00%;0;0,00%
São Luís;137.937.229,72;0,05%;0;0,00%;0;0,00%;0;0,00%;0;0,00%;0;0,00%;137.937.229,72;0,05%;0;0,00%;0;0,00%;0;0,00%;0;0,00%;0;0,00%;0;0,00%;0;0,00%;0;0,00%;0;0,00%;137.937.229,72;0,08%;137.937.229,72;0,08%;0;0,00%;0;0,00%;0;0,00%
Canoas;122.977.499,90;0,04%;0;0,00%;0;0,00%;0;0,00%;0;0,00%;0;0,00%;122.977.499,90;0,04%;0;0,00%;0;0,00%;0;0,00%;0;0,00%;0;0,00%;0;0,00%;0;0,00%;0;0,00%;0;0,00%;122.977.499,90;0,07%;122.977.499,90;0,07%;0;0,00%;0;0,00%;0;0,00%
Santo André;116.856.866,13;0,04%;0;0,00%;0;0,00%;0;0,00%;0;0,00%;0;0,00%;98.496.613,85;0,04%;18.360.252,28;0,01%;18.360.252,28;0,02%;0;0,00%;0;0,00%;0;0,00%;0;0,00%;0;0,00%;0;0,00%;18.360.252,28;0,02%;98.496.613,85;0,06%;98.496.613,85;0,06%;0;0,00%;0;0,00%;0;0,00%
Sobral;108.666.942,82;0,04%;0;0,00%;0;0,00%;0;0,00%;0;0,00%;0;0,00%;108.666.942,82;0,04%;0;0,00%;0;0,00%;0;0,00%;0;0,00%;0;0,00%;0;0,00%;0;0,00%;0;0,00%;0;0,00%;108.666.942,82;0,07%;108.666.942,82;0,07%;0;0,00%;0;0,00%;0;0,00%
Vitória;104.561.358,27;0,04%;0;0,00%;0;0,00%;0;0,00%;0;0,00%;0;0,00%;104.561.358,27;0,04%;0;0,00%;0;0,00%;0;0,00%;0;0,00%;0;0,00%;0;0,00%;0;0,00%;0;0,00%;0;0,00%;104.561.358,27;0,06%;104.561.358,27;0,06%;0;0,00%;0;0,00%;0;0,00%
Serra;100.690.679,92;0,04%;0;0,00%;0;0,00%;0;0,00%;0;0,00%;0;0,00%;0;0,00%;100.690.679,92;0,04%;100.690.679,92;0,09%;0;0,00%;0;0,00%;0;0,00%;0;0,00%;0;0,00%;0;0,00%;100.690.679,92;0,09%;0;0,00%;0;0,00%;0;0,00%;0;0,00%;0;0,00%
Parauapebas;99.970.810,22;0,04%;0;0,00%;0;0,00%;0;0,00%;0;0,00%;0;0,00%;99.970.810,22;0,04%;0;0,00%;0;0,00%;0;0,00%;0;0,00%;0;0,00%;0;0,00%;0;0,00%;0;0,00%;0;0,00%;99.970.810,22;0,06%;99.970.810,22;0,06%;0;0,00%;0;0,00%;0;0,00%
Aracaju;99.933.965,38;0,04%;0;0,00%;0;0,00%;0;0,00%;0;0,00%;0;0,00%;99.933.965,38;0,04%;0;0,00%;0;0,00%;0;0,00%;0;0,00%;0;0,00%;0;0,00%;0;0,00%;0;0,00%;0;0,00%;99.933.965,38;0,06%;99.933.965,38;0,06%;0;0,00%;0;0,00%;0;0,00%
Araguaína;86.222.022,09;0,03%;0;0,00%;0;0,00%;0;0,00%;0;0,00%;0;0,00%;86.222.022,09;0,03%;0;0,00%;0;0,00%;0;0,00%;0;0,00%;0;0,00%;0;0,00%;0;0,00%;0;0,00%;0;0,00%;86.222.022,09;0,05%;86.222.022,09;0,05%;0;0,00%;0;0,00%;0;0,00%
Novo Hamburgo;81.964.390,12;0,03%;0;0,00%;0;0,00%;0;0,00%;0;0,00%;0;0,00%;81.964.390,12;0,03%;0;0,00%;0;0,00%;0;0,00%;0;0,00%;0;0,00%;0;0,00%;0;0,00%;0;0,00%;0;0,00%;81.964.390,12;0,05%;81.964.390,12;0,05%;0;0,00%;0;0,00%;0;0,00%
Criciúma;78.642.415,24;0,03%;0;0,00%;0;0,00%;0;0,00%;0;0,00%;0;0,00%;52.042.684,57;0,02%;26.599.730,67;0,01%;26.599.730,67;0,02%;0;0,00%;0;0,00%;0;0,00%;0;0,00%;0;0,00%;0;0,00%;26.599.730,67;0,02%;52.042.684,57;0,03%;52.042.684,57;0,03%;0;0,00%;0;0,00%;0;0,00%
São Gonçalo do Amarante;78.617.099,39;0,03%;0;0,00%;0;0,00%;0;0,00%;0;0,00%;0;0,00%;78.617.099,39;0,03%;0;0,00%;0;0,00%;0;0,00%;0;0,00%;0;0,00%;0;0,00%;0;0,00%;0;0,00%;0;0,00%;78.617.099,39;0,05%;78.617.099,39;0,05%;0;0,00%;0;0,00%;0;0,00%
Santos;78.164.543,27;0,03%;0;0,00%;0;0,00%;0;0,00%;0;0,00%;0;0,00%;78.164.543,27;0,03%;0;0,00%;0;0,00%;0;0,00%;0;0,00%;0;0,00%;0;0,00%;0;0,00%;0;0,00%;0;0,00%;78.164.543,27;0,05%;78.164.543,27;0,05%;0;0,00%;0;0,00%;0;0,00%
Paranaguá;77.714.699,68;0,03%;0;0,00%;0;0,00%;0;0,00%;0;0,00%;0;0,00%;50.094.761,99;0,02%;27.619.937,69;0,01%;27.619.937,69;0,03%;0;0,00%;0;0,00%;0;0,00%;0;0,00%;0;0,00%;0;0,00%;27.619.937,69;0,03%;50.094.761,99;0,03%;50.094.761,99;0,03%;0;0,00%;0;0,00%;0;0,00%
Linhares;76.880.819,13;0,03%;0;0,00%;0;0,00%;0;0,00%;0;0,00%;0;0,00%;0;0,00%;76.880.819,13;0,03%;76.880.819,13;0,07%;0;0,00%;0;0,00%;0;0,00%;0;0,00%;0;0,00%;0;0,00%;76.880.819,13;0,07%;0;0,00%;0;0,00%;0;0,00%;0;0,00%;0;0,00%
Chapecó;76.300.484,03;0,03%;0;0,00%;0;0,00%;0;0,00%;0;0,00%;0;0,00%;31.446.175,77;0,01%;44.854.308,26;0,02%;44.854.308,26;0,04%;0;0,00%;0;0,00%;0;0,00%;0;0,00%;0;0,00%;0;0,00%;44.854.308,26;0,04%;31.446.175,77;0,02%;31.446.175,77;0,02%;0;0,00%;0;0,00%;0;0,00%
Balneário Camboriú;71.651.210,87;0,03%;0;0,00%;0;0,00%;0;0,00%;0;0,00%;0;0,00%;0;0,00%;71.651.210,87;0,03%;71.651.210,87;0,07%;0;0,00%;0;0,00%;0;0,00%;0;0,00%;0;0,00%;0;0,00%;71.651.210,87;0,07%;0;0,00%;0;0,00%;0;0,00%;0;0,00%;0;0,00%
Maracanaú;69.851.220,00;0,03%;0;0,00%;0;0,00%;0;0,00%;0;0,00%;0;0,00%;69.851.220,00;0,03%;0;0,00%;0;0,00%;0;0,00%;0;0,00%;0;0,00%;0;0,00%;0;0,00%;0;0,00%;0;0,00%;69.851.220,00;0,04%;69.851.220,00;0,04%;0;0,00%;0;0,00%;0;0,00%
Sorocaba;67.902.553,10;0,02%;0;0,00%;0;0,00%;0;0,00%;0;0,00%;24.804.631,93;0,01%;43.097.921,17;0,02%;0;0,00%;24.804.631,93;0,02%;0;0,00%;0;0,00%;0;0,00%;0;0,00%;0;0,00%;24.804.631,93;0,02%;0;0,00%;43.097.921,17;0,03%;43.097.921,17;0,03%;0;0,00%;0;0,00%;0;0,00%
Toledo;60.637.915,71;0,02%;0;0,00%;0;0,00%;0;0,00%;0;0,00%;0;0,00%;54.188.799,44;0,02%;6.449.116,27;0,00%;6.449.116,27;0,01%;0;0,00%;0;0,00%;0;0,00%;0;0,00%;0;0,00%;0;0,00%;6.449.116,27;0,01%;54.188.799,44;0,03%;19.841.362,02;0,01%;34.347.437,42;0,02%;0;0,00%;0;0,00%
Contagem;59.324.774,31;0,02%;0;0,00%;0;0,00%;0;0,00%;0;0,00%;0;0,00%;59.324.774,31;0,02%;0;0,00%;0;0,00%;0;0,00%;0;0,00%;0;0,00%;0;0,00%;0;0,00%;0;0,00%;0;0,00%;59.324.774,31;0,04%;59.324.774,31;0,04%;0;0,00%;0;0,00%;0;0,00%
Ponta Porã;57.469.224,92;0,02%;0;0,00%;0;0,00%;0;0,00%;0;0,00%;18.861.005,29;0,01%;34.658.219,63;0,01%;3.950.000,00;0,00%;22.811.005,29;0,02%;0;0,00%;0;0,00%;0;0,00%;0;0,00%;0;0,00%;18.861.005,29;0,02%;3.950.000,00;0,00%;34.658.219,63;0,02%;34.658.219,63;0,02%;0;0,00%;0;0,00%;0;0,00%
Jacareí;56.569.650,00;0,02%;0;0,00%;0;0,00%;0;0,00%;0;0,00%;0;0,00%;56.569.650,00;0,02%;0;0,00%;0;0,00%;0;0,00%;0;0,00%;0;0,00%;0;0,00%;0;0,00%;0;0,00%;0;0,00%;56.569.650,00;0,03%;56.569.650,00;0,03%;0;0,00%;0;0,00%;0;0,00%
Jaraguá do Sul;54.158.249,19;0,02%;0;0,00%;0;0,00%;0;0,00%;0;0,00%;0;0,00%;0;0,00%;54.158.249,19;0,02%;54.158.249,19;0,05%;0;0,00%;0;0,00%;0;0,00%;0;0,00%;0;0,00%;0;0,00%;54.158.249,19;0,05%;0;0,00%;0;0,00%;0;0,00%;0;0,00%;0;0,00%
Rio Branco;51.600.114,00;0,02%;0;0,00%;0;0,00%;0;0,00%;0;0,00%;0;0,00%;0;0,00%;51.600.114,00;0,02%;51.600.114,00;0,05%;0;0,00%;0;0,00%;0;0,00%;0;0,00%;0;0,00%;0;0,00%;51.600.114,00;0,05%;0;0,00%;0;0,00%;0;0,00%;0;0,00%;0;0,00%
Alagoinhas;49.498.443,70;0,02%;0;0,00%;0;0,00%;0;0,00%;0;0,00%;0;0,00%;49.498.443,70;0,02%;0;0,00%;0;0,00%;0;0,00%;0;0,00%;0;0,00%;0;0,00%;0;0,00%;0;0,00%;0;0,00%;49.498.443,70;0,03%;49.498.443,70;0,03%;0;0,00%;0;0,00%;0;0,00%
Aracati;49.390.143,41;0,02%;0;0,00%;0;0,00%;0;0,00%;0;0,00%;0;0,00%;0;0,00%;49.390.143,41;0,02%;49.390.143,41;0,05%;0;0,00%;0;0,00%;0;0,00%;0;0,00%;0;0,00%;0;0,00%;49.390.143,41;0,05%;0;0,00%;0;0,00%;0;0,00%;0;0,00%;0;0,00%
São Caetano do Sul;49.377.153,07;0,02%;0;0,00%;0;0,00%;0;0,00%;0;0,00%;0;0,00%;0;0,00%;49.377.153,07;0,02%;49.377.153,07;0,05%;0;0,00%;0;0,00%;0;0,00%;0;0,00%;0;0,00%;0;0,00%;49.377.153,07;0,05%;0;0,00%;0;0,00%;0;0,00%;0;0,00%;0;0,00%
Ouro Preto;42.083.333,31;0,02%;0;0,00%;0;0,00%;0;0,00%;0;0,00%;0;0,00%;0;0,00%;42.083.333,31;0,02%;42.083.333,31;0,04%;0;0,00%;0;0,00%;0;0,00%;0;0,00%;0;0,00%;0;0,00%;42.083.333,31;0,04%;0;0,00%;0;0,00%;0;0,00%;0;0,00%;0;0,00%
Muriaé;41.047.682,41;0,02%;0;0,00%;0;0,00%;0;0,00%;0;0,00%;0;0,00%;0;0,00%;41.047.682,41;0,02%;41.047.682,41;0,04%;0;0,00%;0;0,00%;0;0,00%;0;0,00%;0;0,00%;0;0,00%;41.047.682,41;0,04%;0;0,00%;0;0,00%;0;0,00%;0;0,00%;0;0,00%
Sete Lagoas;40.985.919,14;0,01%;0;0,00%;0;0,00%;0;0,00%;0;0,00%;40.985.919,14;0,01%;0;0,00%;0;0,00%;40.985.919,14;0,04%;0;0,00%;0;0,00%;0;0,00%;0;0,00%;0;0,00%;40.985.919,14;0,04%;0;0,00%;0;0,00%;0;0,00%;0;0,00%;0;0,00%;0;0,00%
Maringá;40.954.696,47;0,01%;0;0,00%;0;0,00%;0;0,00%;0;0,00%;0;0,00%;32.539.617,96;0,01%;8.415.078,51;0,00%;8.415.078,51;0,01%;0;0,00%;0;0,00%;0;0,00%;0;0,00%;0;0,00%;0;0,00%;8.415.078,51;0,01%;32.539.617,96;0,02%;32.539.617,96;0,02%;0;0,00%;0;0,00%;0;0,00%
Cachoeiro de Itapemirim;40.000.000,00;0,01%;0;0,00%;0;0,00%;0;0,00%;0;0,00%;0;0,00%;0;0,00%;40.000.000,00;0,01%;40.000.000,00;0,04%;0;0,00%;0;0,00%;0;0,00%;0;0,00%;0;0,00%;0;0,00%;40.000.000,00;0,04%;0;0,00%;0;0,00%;0;0,00%;0;0,00%;0;0,00%
Colatina;37.797.247,72;0,01%;0;0,00%;0;0,00%;0;0,00%;0;0,00%;0;0,00%;37.797.247,72;0,01%;0;0%;0;0%;0;0,00%;0;0,00%;0;0,00%;0;0,00%;0;0,00%;0;0,00%;0;0%;37.797.247,72;0,02%;37.797.247,72;0,02%;0;0,00%;0;0,00%;0;0,00%
João Pessoa;36.893.250,00;0,01%;0;0,00%;0;0,00%;0;0,00%;0;0,00%;0;0,00%;36.893.250,00;0,01%;0;0,00%;0;0,00%;0;0,00%;0;0,00%;0;0,00%;0;0,00%;0;0,00%;0;0,00%;0;0,00%;36.893.250,00;0,02%;36.893.250,00;0,02%;0;0,00%;0;0,00%;0;0,00%
Cariacica;33.906.879,52;0,01%;0;0,00%;0;0,00%;0;0,00%;0;0,00%;0;0,00%;0;0,00%;33.906.879,52;0,01%;33.906.879,52;0,03%;0;0,00%;0;0,00%;0;0,00%;0;0,00%;0;0,00%;0;0,00%;33.906.879,52;0,03%;0;0,00%;0;0,00%;0;0,00%;0;0,00%;0;0,00%
Passo Fundo;31.230.860,61;0,01%;0;0,00%;0;0,00%;0;0,00%;0;0,00%;0;0,00%;31.230.860,61;0,01%;0;0,00%;0;0,00%;0;0,00%;0;0,00%;0;0,00%;0;0,00%;0;0,00%;0;0,00%;0;0,00%;31.230.860,61;0,02%;31.230.860,61;0,02%;0;0,00%;0;0,00%;0;0,00%
Belford Roxo;29.890.611,08;0,01%;0;0,00%;0;0,00%;0;0,00%;0;0,00%;0;0,00%;29.890.611,08;0,01%;0;0,00%;0;0,00%;0;0,00%;0;0,00%;0;0,00%;0;0,00%;0;0,00%;0;0,00%;0;0,00%;29.890.611,08;0,02%;29.890.611,08;0,02%;0;0,00%;0;0,00%;0;0,00%
Vila Velha;28.263.180,96;0,01%;0;0,00%;0;0,00%;0;0,00%;0;0,00%;0;0,00%;28.263.180,96;0,01%;0;0,00%;0;0,00%;0;0,00%;0;0,00%;0;0,00%;0;0,00%;0;0,00%;0;0,00%;0;0,00%;28.263.180,96;0,02%;28.263.180,96;0,02%;0;0,00%;0;0,00%;0;0,00%
Catanduva;28.020.792,31;0,01%;0;0,00%;0;0,00%;0;0,00%;0;0,00%;0;0,00%;28.020.792,31;0,01%;0;0,00%;0;0,00%;0;0,00%;0;0,00%;0;0,00%;0;0,00%;0;0,00%;0;0,00%;0;0,00%;28.020.792,31;0,02%;28.020.792,31;0,02%;0;0,00%;0;0,00%;0;0,00%
Mogi das Cruzes;27.704.123,52;0,01%;0;0,00%;0;0,00%;0;0,00%;0;0,00%;0;0,00%;7.132.695,00;0,00%;20.571.428,52;0,01%;20.571.428,52;0,02%;0;0,00%;0;0,00%;0;0,00%;0;0,00%;0;0,00%;0;0,00%;20.571.428,52;0,02%;7.132.695,00;0,00%;7.132.695,00;0,00%;0;0,00%;0;0,00%;0;0,00%
Suzano;27.529.654,36;0,01%;0;0,00%;0;0,00%;0;0,00%;0;0,00%;0;0,00%;0;0,00%;27.529.654,36;0,01%;27.529.654,36;0,03%;0;0,00%;0;0,00%;0;0,00%;0;0,00%;0;0,00%;0;0,00%;27.529.654,36;0,03%;0;0,00%;0;0,00%;0;0,00%;0;0,00%;0;0,00%
Itapipoca;26.557.203,41;0,01%;0;0,00%;0;0,00%;0;0,00%;0;0,00%;0;0,00%;0;0,00%;26.557.203,41;0,01%;26.557.203,41;0,02%;0;0,00%;0;0,00%;0;0,00%;0;0,00%;0;0,00%;0;0,00%;26.557.203,41;0,02%;0;0,00%;0;0,00%;0;0,00%;0;0,00%;0;0,00%
Boa Vista;24.306.250,82;0,01%;0;0,00%;0;0,00%;0;0,00%;0;0,00%;0;0,00%;0;0,00%;24.306.250,82;0,01%;24.306.250,82;0,02%;0;0,00%;0;0,00%;0;0,00%;0;0,00%;0;0,00%;0;0,00%;24.306.250,82;0,02%;0;0,00%;0;0,00%;0;0,00%;0;0,00%;0;0,00%
Ponta Grossa;23.911.426,39;0,01%;0;0,00%;0;0,00%;0;0,00%;0;0,00%;0;0,00%;23.911.426,39;0,01%;0;0,00%;0;0,00%;0;0,00%;0;0,00%;0;0,00%;0;0,00%;0;0,00%;0;0,00%;0;0,00%;23.911.426,39;0,01%;23.911.426,39;0,01%;0;0,00%;0;0,00%;0;0,00%
Piraquara;22.030.935,94;0,01%;0;0,00%;0;0,00%;0;0,00%;0;0,00%;0;0,00%;0;0,00%;22.030.935,94;0,01%;22.030.935,94;0,02%;0;0,00%;0;0,00%;0;0,00%;0;0,00%;0;0,00%;0;0,00%;22.030.935,94;0,02%;0;0,00%;0;0,00%;0;0,00%;0;0,00%;0;0,00%
Eusébio;22.000.000,00;0,01%;0;0,00%;0;0,00%;0;0,00%;0;0,00%;0;0,00%;0;0,00%;22.000.000,00;0,01%;22.000.000,00;0,02%;0;0,00%;0;0,00%;0;0,00%;0;0,00%;0;0,00%;0;0,00%;22.000.000,00;0,02%;0;0,00%;0;0,00%;0;0,00%;0;0,00%;0;0,00%
Jandira;21.058.976,84;0,01%;0;0,00%;0;0,00%;0;0,00%;0;0,00%;0;0,00%;0;0,00%;21.058.976,84;0,01%;21.058.976,84;0,02%;0;0,00%;0;0,00%;0;0,00%;0;0,00%;0;0,00%;0;0,00%;21.058.976,84;0,02%;0;0,00%;0;0,00%;0;0,00%;0;0,00%;0;0,00%
Timbó;21.011.231,27;0,01%;0;0,00%;0;0,00%;0;0,00%;0;0,00%;12.264.260,98;0,00%;0;0,00%;8.746.970,29;0,00%;21.011.231,27;0,02%;0;0,00%;0;0,00%;0;0,00%;0;0,00%;0;0,00%;12.264.260,98;0,01%;8.746.970,29;0,01%;0;0,00%;0;0,00%;0;0,00%;0;0,00%;0;0,00%
Santa Maria;20.755.114,51;0,01%;0;0,00%;0;0,00%;0;0,00%;0;0,00%;0;0,00%;20.755.114,51;0,01%;0;0,00%;0;0,00%;0;0,00%;0;0,00%;0;0,00%;0;0,00%;0;0,00%;0;0,00%;0;0,00%;20.755.114,51;0,01%;20.755.114,51;0,01%;0;0,00%;0;0,00%;0;0,00%
Foz do Iguaçu;20.000.000,00;0,01%;0;0,00%;0;0,00%;0;0,00%;0;0,00%;0;0,00%;0;0,00%;20.000.000,00;0,01%;20.000.000,00;0,02%;0;0,00%;0;0,00%;0;0,00%;0;0,00%;0;0,00%;0;0,00%;20.000.000,00;0,02%;0;0,00%;0;0,00%;0;0,00%;0;0,00%;0;0,00%
Gaspar;20.000.000,00;0,01%;0;0,00%;0;0,00%;0;0,00%;0;0,00%;0;0,00%;0;0,00%;20.000.000,00;0,01%;20.000.000,00;0,02%;0;0,00%;0;0,00%;0;0,00%;0;0,00%;0;0,00%;0;0,00%;20.000.000,00;0,02%;0;0,00%;0;0,00%;0;0,00%;0;0,00%;0;0,00%
Cachoeirinha;19.647.563,84;0,01%;0;0,00%;0;0,00%;0;0,00%;0;0,00%;0;0,00%;19.647.563,84;0,01%;0;0,00%;0;0,00%;0;0,00%;0;0,00%;0;0,00%;0;0,00%;0;0,00%;0;0,00%;0;0,00%;19.647.563,84;0,01%;19.647.563,84;0,01%;0;0,00%;0;0,00%;0;0,00%
Ituiutaba;19.059.090,88;0,01%;0;0,00%;0;0,00%;0;0,00%;0;0,00%;0;0,00%;0;0,00%;19.059.090,88;0,01%;19.059.090,88;0,02%;0;0,00%;0;0,00%;0;0,00%;0;0,00%;0;0,00%;0;0,00%;19.059.090,88;0,02%;0;0,00%;0;0,00%;0;0,00%;0;0,00%;0;0,00%
Itatiaia;18.500.000,00;0,01%;0;0,00%;0;0,00%;0;0,00%;0;0,00%;0;0,00%;0;0,00%;18.500.000,00;0,01%;18.500.000,00;0,02%;0;0,00%;0;0,00%;0;0,00%;0;0,00%;0;0,00%;0;0,00%;18.500.000,00;0,02%;0;0,00%;0;0,00%;0;0,00%;0;0,00%;0;0,00%
Barra do Piraí;17.770.205,56;0,01%;0;0,00%;0;0,00%;0;0,00%;0;0,00%;0;0,00%;0;0,00%;17.770.205,56;0,01%;17.770.205,56;0,02%;0;0,00%;0;0,00%;0;0,00%;0;0,00%;0;0,00%;0;0,00%;17.770.205,56;0,02%;0;0,00%;0;0,00%;0;0,00%;0;0,00%;0;0,00%
Camocim;16.757.358,92;0,01%;0;0,00%;0;0,00%;0;0,00%;0;0,00%;0;0,00%;0;0,00%;16.757.358,92;0,01%;16.757.358,92;0,02%;0;0,00%;0;0,00%;0;0,00%;0;0,00%;0;0,00%;0;0,00%;16.757.358,92;0,02%;0;0,00%;0;0,00%;0;0,00%;0;0,00%;0;0,00%
Guarulhos;16.474.487,66;0,01%;0;0,00%;0;0,00%;0;0,00%;0;0,00%;0;0,00%;16.474.487,66;0,01%;0;0,00%;0;0,00%;0;0,00%;0;0,00%;0;0,00%;0;0,00%;0;0,00%;0;0,00%;0;0,00%;16.474.487,66;0,01%;16.474.487,66;0,01%;0;0,00%;0;0,00%;0;0,00%
Votuporanga;15.714.285,68;0,01%;0;0,00%;0;0,00%;0;0,00%;0;0,00%;0;0,00%;0;0,00%;15.714.285,68;0,01%;15.714.285,68;0,01%;0;0,00%;0;0,00%;0;0,00%;0;0,00%;0;0,00%;0;0,00%;15.714.285,68;0,01%;0;0,00%;0;0,00%;0;0,00%;0;0,00%;0;0,00%
Pelotas;15.511.323,60;0,01%;0;0,00%;0;0,00%;0;0,00%;0;0,00%;0;0,00%;15.511.323,60;0,01%;0;0,00%;0;0,00%;0;0,00%;0;0,00%;0;0,00%;0;0,00%;0;0,00%;0;0,00%;0;0,00%;15.511.323,60;0,01%;15.511.323,60;0,01%;0;0,00%;0;0,00%;0;0,00%
Osório;15.450.861,98;0,01%;0;0,00%;0;0,00%;0;0,00%;0;0,00%;0;0,00%;0;0,00%;15.450.861,98;0,01%;15.450.861,98;0,01%;0;0,00%;0;0,00%;0;0,00%;0;0,00%;0;0,00%;0;0,00%;15.450.861,98;0,01%;0;0,00%;0;0,00%;0;0,00%;0;0,00%;0;0,00%
Tapejara;14.952.082,45;0,01%;0;0,00%;0;0,00%;0;0,00%;0;0,00%;9.680.806,99;0,00%;0;0,00%;5.271.275,46;0,00%;14.952.082,45;0,01%;0;0,00%;0;0,00%;0;0,00%;0;0,00%;0;0,00%;9.680.806,99;0,01%;5.271.275,46;0,00%;0;0,00%;0;0,00%;0;0,00%;0;0,00%;0;0,00%
Feira de Santana;14.375.000,00;0,01%;0;0,00%;0;0,00%;0;0,00%;0;0,00%;0;0,00%;0;0,00%;14.375.000,00;0,01%;14.375.000,00;0,01%;0;0,00%;0;0,00%;0;0,00%;0;0,00%;0;0,00%;0;0,00%;14.375.000,00;0,01%;0;0,00%;0;0,00%;0;0,00%;0;0,00%;0;0,00%
Camboriú;14.268.527,84;0,01%;0;0,00%;0;0,00%;0;0,00%;0;0,00%;0;0,00%;0;0,00%;14.268.527,84;0,01%;14.268.527,84;0,01%;0;0,00%;0;0,00%;0;0,00%;0;0,00%;0;0,00%;0;0,00%;14.268.527,84;0,01%;0;0,00%;0;0,00%;0;0,00%;0;0,00%;0;0,00%
Aquidauana;14.231.357,79;0,01%;0;0,00%;0;0,00%;0;0,00%;0;0,00%;14.231.357,79;0,01%;0;0,00%;0;0,00%;14.231.357,79;0,01%;0;0,00%;0;0,00%;0;0,00%;0;0,00%;0;0,00%;14.231.357,79;0,01%;0;0,00%;0;0,00%;0;0,00%;0;0,00%;0;0,00%;0;0,00%
Tanguá;14.223.977,51;0,01%;0;0,00%;0;0,00%;0;0,00%;0;0,00%;0;0,00%;0;0,00%;14.223.977,51;0,01%;14.223.977,51;0,01%;0;0,00%;0;0,00%;0;0,00%;0;0,00%;0;0,00%;0;0,00%;14.223.977,51;0,01%;0;0,00%;0;0,00%;0;0,00%;0;0,00%;0;0,00%
Gurupi;14.216.754,39;0,01%;0;0,00%;0;0,00%;0;0,00%;0;0,00%;14.216.754,39;0,01%;0;0,00%;0;0,00%;14.216.754,39;0,01%;0;0,00%;0;0,00%;0;0,00%;0;0,00%;0;0,00%;14.216.754,39;0,01%;0;0,00%;0;0,00%;0;0,00%;0;0,00%;0;0,00%;0;0,00%
Nova Alvorada do Sul;13.974.620,61;0,01%;0;0,00%;0;0,00%;0;0,00%;0;0,00%;9.468.670,86;0,00%;0;0,00%;4.505.949,75;0,00%;13.974.620,61;0,01%;0;0,00%;0;0,00%;0;0,00%;0;0,00%;0;0,00%;9.468.670,86;0,01%;4.505.949,75;0,00%;0;0,00%;0;0,00%;0;0,00%;0;0,00%;0;0,00%
Pomerode;13.186.026,08;0,00%;0;0,00%;0;0,00%;0;0,00%;0;0,00%;0;0,00%;0;0,00%;13.186.026,08;0,00%;13.186.026,08;0,01%;0;0,00%;0;0,00%;0;0,00%;0;0,00%;0;0,00%;0;0,00%;13.186.026,08;0,01%;0;0,00%;0;0,00%;0;0,00%;0;0,00%;0;0,00%
Uberaba;13.063.096,19;0,00%;0;0,00%;0;0,00%;0;0,00%;0;0,00%;0;0,00%;13.063.096,19;0,00%;0;0,00%;0;0,00%;0;0,00%;0;0,00%;0;0,00%;0;0,00%;0;0,00%;0;0,00%;0;0,00%;13.063.096,19;0,01%;13.063.096,19;0,01%;0;0,00%;0;0,00%;0;0,00%
Bagé;12.836.376,40;0,00%;0;0,00%;0;0,00%;0;0,00%;0;0,00%;0;0,00%;12.836.376,40;0,00%;0;0,00%;0;0,00%;0;0,00%;0;0,00%;0;0,00%;0;0,00%;0;0,00%;0;0,00%;0;0,00%;12.836.376,40;0,01%;12.836.376,40;0,01%;0;0,00%;0;0,00%;0;0,00%
Mineiros;11.531.092,35;0,00%;0;0,00%;0;0,00%;0;0,00%;0;0,00%;11.531.092,35;0,00%;0;0,00%;0;0,00%;11.531.092,35;0,01%;0;0,00%;0;0,00%;0;0,00%;0;0,00%;0;0,00%;11.531.092,35;0,01%;0;0,00%;0;0,00%;0;0,00%;0;0,00%;0;0,00%;0;0,00%
Panambi;10.628.571,02;0,00%;0;0,00%;0;0,00%;0;0,00%;0;0,00%;10.628.571,02;0,00%;0;0,00%;0;0,00%;10.628.571,02;0,01%;0;0,00%;0;0,00%;0;0,00%;0;0,00%;0;0,00%;10.628.571,02;0,01%;0;0,00%;0;0,00%;0;0,00%;0;0,00%;0;0,00%;0;0,00%
Araquari;10.541.889,42;0,00%;0;0,00%;0;0,00%;0;0,00%;0;0,00%;10.541.889,42;0,00%;0;0,00%;0;0,00%;10.541.889,42;0,01%;0;0,00%;0;0,00%;0;0,00%;0;0,00%;0;0,00%;10.541.889,42;0,01%;0;0,00%;0;0,00%;0;0,00%;0;0,00%;0;0,00%;0;0,00%
Ponte Nova;10.232.046,92;0,00%;0;0,00%;0;0,00%;0;0,00%;0;0,00%;0;0,00%;0;0,00%;10.232.046,92;0,00%;10.232.046,92;0,01%;0;0,00%;0;0,00%;0;0,00%;0;0,00%;0;0,00%;0;0,00%;10.232.046,92;0,01%;0;0,00%;0;0,00%;0;0,00%;0;0,00%;0;0,00%
Costa Rica;10.187.548,47;0,00%;0;0,00%;0;0,00%;0;0,00%;0;0,00%;10.187.548,47;0,00%;0;0,00%;0;0,00%;10.187.548,47;0,01%;0;0,00%;0;0,00%;0;0,00%;0;0,00%;0;0,00%;10.187.548,47;0,01%;0;0,00%;0;0,00%;0;0,00%;0;0,00%;0;0,00%;0;0,00%
Rio Grande;10.143.929,10;0,00%;0;0,00%;0;0,00%;0;0,00%;0;0,00%;0;0,00%;10.143.929,10;0,00%;0;0,00%;0;0,00%;0;0,00%;0;0,00%;0;0,00%;0;0,00%;0;0,00%;0;0,00%;0;0,00%;10.143.929,10;0,01%;10.143.929,10;0,01%;0;0,00%;0;0,00%;0;0,00%
Prudentópolis;9.961.824,09;0,00%;0;0,00%;0;0,00%;0;0,00%;0;0,00%;9.961.824,09;0,00%;0;0,00%;0;0,00%;9.961.824,09;0,01%;0;0,00%;0;0,00%;0;0,00%;0;0,00%;0;0,00%;9.961.824,09;0,01%;0;0,00%;0;0,00%;0;0,00%;0;0,00%;0;0,00%;0;0,00%
Carandaí;7.701.302,19;0,00%;0;0,00%;0;0,00%;0;0,00%;0;0,00%;0;0,00%;0;0,00%;7.701.302,19;0,00%;7.701.302,19;0,01%;0;0,00%;0;0,00%;0;0,00%;0;0,00%;0;0,00%;0;0,00%;7.701.302,19;0,01%;0;0,00%;0;0,00%;0;0,00%;0;0,00%;0;0,00%
Porto Nacional;7.289.719,62;0,00%;0;0,00%;0;0,00%;0;0,00%;0;0,00%;0;0,00%;0;0,00%;7.289.719,62;0,00%;7.289.719,62;0,01%;0;0,00%;0;0,00%;0;0,00%;0;0,00%;0;0,00%;0;0,00%;7.289.719,62;0,01%;0;0,00%;0;0,00%;0;0,00%;0;0,00%;0;0,00%
Castro;6.387.839,29;0,00%;0;0,00%;0;0,00%;0;0,00%;0;0,00%;6.387.839,29;0,00%;0;0,00%;0;0,00%;6.387.839,29;0,01%;0;0,00%;0;0,00%;0;0,00%;0;0,00%;0;0,00%;6.387.839,29;0,01%;0;0,00%;0;0,00%;0;0,00%;0;0,00%;0;0,00%;0;0,00%
Pojuca;6.188.442,67;0,00%;0;0,00%;0;0,00%;0;0,00%;0;0,00%;0;0,00%;0;0,00%;6.188.442,67;0,00%;6.188.442,67;0,01%;0;0,00%;0;0,00%;0;0,00%;0;0,00%;0;0,00%;0;0,00%;6.188.442,67;0,01%;0;0,00%;0;0,00%;0;0,00%;0;0,00%;0;0,00%
Jaguaré;6.091.836,27;0,00%;0;0,00%;0;0,00%;0;0,00%;0;0,00%;0;0,00%;0;0,00%;6.091.836,27;0,00%;6.091.836,27;0,01%;0;0,00%;0;0,00%;0;0,00%;0;0,00%;0;0,00%;0;0,00%;6.091.836,27;0,01%;0;0,00%;0;0,00%;0;0,00%;0;0,00%;0;0,00%
Santa Rosa;6.083.333,37;0,00%;0;0,00%;0;0,00%;0;0,00%;0;0,00%;0;0,00%;0;0,00%;6.083.333,37;0,00%;6.083.333,37;0,01%;0;0,00%;0;0,00%;0;0,00%;0;0,00%;0;0,00%;0;0,00%;6.083.333,37;0,01%;0;0,00%;0;0,00%;0;0,00%;0;0,00%;0;0,00%
Caarapó;5.857.544,53;0,00%;0;0,00%;0;0,00%;0;0,00%;0;0,00%;5.857.544,53;0,00%;0;0,00%;0;0,00%;5.857.544,53;0,01%;0;0,00%;0;0,00%;0;0,00%;0;0,00%;0;0,00%;5.857.544,53;0,01%;0;0,00%;0;0,00%;0;0,00%;0;0,00%;0;0,00%;0;0,00%
São Sebastião do Caí;5.725.443,06;0,00%;0;0,00%;0;0,00%;0;0,00%;0;0,00%;1.725.443,06;0,00%;0;0,00%;4.000.000,00;0,00%;5.725.443,06;0,01%;0;0,00%;0;0,00%;0;0,00%;0;0,00%;0;0,00%;1.725.443,06;0,00%;4.000.000,00;0,00%;0;0,00%;0;0,00%;0;0,00%;0;0,00%;0;0,00%
Capinzal;5.510.061,33;0,00%;0;0,00%;0;0,00%;0;0,00%;0;0,00%;5.510.061,33;0,00%;0;0,00%;0;0,00%;5.510.061,33;0,01%;0;0,00%;0;0,00%;0;0,00%;0;0,00%;0;0,00%;5.510.061,33;0,01%;0;0,00%;0;0,00%;0;0,00%;0;0,00%;0;0,00%;0;0,00%
Uruguaiana;5.328.145,35;0,00%;0;0,00%;0;0,00%;0;0,00%;0;0,00%;0;0,00%;5.328.145,35;0,00%;0;0,00%;0;0,00%;0;0,00%;0;0,00%;0;0,00%;0;0,00%;0;0,00%;0;0,00%;0;0,00%;5.328.145,35;0,00%;5.328.145,35;0,00%;0;0,00%;0;0,00%;0;0,00%
Ivinhema;5.197.330,22;0,00%;0;0,00%;0;0,00%;0;0,00%;0;0,00%;5.197.330,22;0,00%;0;0,00%;0;0,00%;5.197.330,22;0,00%;0;0,00%;0;0,00%;0;0,00%;0;0,00%;0;0,00%;5.197.330,22;0,00%;0;0,00%;0;0,00%;0;0,00%;0;0,00%;0;0,00%;0;0,00%
Ubaíra;5.011.655,92;0,00%;0;0,00%;0;0,00%;0;0,00%;0;0,00%;0;0,00%;0;0,00%;5.011.655,92;0,00%;5.011.655,92;0,00%;0;0,00%;0;0,00%;0;0,00%;0;0,00%;0;0,00%;0;0,00%;5.011.655,92;0,00%;0;0,00%;0;0,00%;0;0,00%;0;0,00%;0;0,00%
Não-Me-Toque;5.000.000,00;0,00%;0;0,00%;0;0,00%;0;0,00%;0;0,00%;0;0,00%;0;0,00%;5.000.000,00;0,00%;5.000.000,00;0,00%;0;0,00%;0;0,00%;0;0,00%;0;0,00%;0;0,00%;0;0,00%;5.000.000,00;0,00%;0;0,00%;0;0,00%;0;0,00%;0;0,00%;0;0,00%
Fortim;5.000.000,00;0,00%;0;0,00%;0;0,00%;0;0,00%;0;0,00%;0;0,00%;0;0,00%;5.000.000,00;0,00%;5.000.000,00;0,00%;0;0,00%;0;0,00%;0;0,00%;0;0,00%;0;0,00%;0;0,00%;5.000.000,00;0,00%;0;0,00%;0;0,00%;0;0,00%;0;0,00%;0;0,00%
Goioerê;4.683.160,29;0,00%;0;0,00%;0;0,00%;0;0,00%;0;0,00%;0;0,00%;0;0,00%;4.683.160,29;0,00%;4.683.160,29;0,00%;0;0,00%;0;0,00%;0;0,00%;0;0,00%;0;0,00%;0;0,00%;4.683.160,29;0,00%;0;0,00%;0;0,00%;0;0,00%;0;0,00%;0;0,00%
Paraíso das Águas;4.679.557,29;0,00%;0;0,00%;0;0,00%;0;0,00%;0;0,00%;4.679.557,29;0,00%;0;0,00%;0;0,00%;4.679.557,29;0,00%;0;0,00%;0;0,00%;0;0,00%;0;0,00%;0;0,00%;4.679.557,29;0,00%;0;0,00%;0;0,00%;0;0,00%;0;0,00%;0;0,00%;0;0,00%
Candeias;4.618.330,12;0,00%;0;0,00%;0;0,00%;0;0,00%;0;0,00%;0;0,00%;0;0,00%;4.618.330,12;0,00%;4.618.330,12;0,00%;0;0,00%;0;0,00%;0;0,00%;0;0,00%;0;0,00%;0;0,00%;4.618.330,12;0,00%;0;0,00%;0;0,00%;0;0,00%;0;0,00%;0;0,00%
Morro da Fumaça;4.583.374,66;0,00%;0;0,00%;0;0,00%;0;0,00%;0;0,00%;4.583.374,66;0,00%;0;0,00%;0;0,00%;4.583.374,66;0,00%;0;0,00%;0;0,00%;0;0,00%;0;0,00%;0;0,00%;4.583.374,66;0,00%;0;0,00%;0;0,00%;0;0,00%;0;0,00%;0;0,00%;0;0,00%
Piripiri;4.574.963,83;0,00%;0;0,00%;0;0,00%;0;0,00%;0;0,00%;0;0,00%;0;0,00%;4.574.963,83;0,00%;4.574.963,83;0,00%;0;0,00%;0;0,00%;0;0,00%;0;0,00%;0;0,00%;0;0,00%;4.574.963,83;0,00%;0;0,00%;0;0,00%;0;0,00%;0;0,00%;0;0,00%
Jiquiriçá;4.571.875,04;0,00%;0;0,00%;0;0,00%;0;0,00%;0;0,00%;0;0,00%;0;0,00%;4.571.875,04;0,00%;4.571.875,04;0,00%;0;0,00%;0;0,00%;0;0,00%;0;0,00%;0;0,00%;0;0,00%;4.571.875,04;0,00%;0;0,00%;0;0,00%;0;0,00%;0;0,00%;0;0,00%
Lapão;4.491.666,64;0,00%;0;0,00%;0;0,00%;0;0,00%;0;0,00%;0;0,00%;0;0,00%;4.491.666,64;0,00%;4.491.666,64;0,00%;0;0,00%;0;0,00%;0;0,00%;0;0,00%;0;0,00%;0;0,00%;4.491.666,64;0,00%;0;0,00%;0;0,00%;0;0,00%;0;0,00%;0;0,00%
Água Doce;4.398.148,10;0,00%;0;0,00%;0;0,00%;0;0,00%;0;0,00%;0;0,00%;0;0,00%;4.398.148,10;0,00%;4.398.148,10;0,00%;0;0,00%;0;0,00%;0;0,00%;0;0,00%;0;0,00%;0;0,00%;4.398.148,10;0,00%;0;0,00%;0;0,00%;0;0,00%;0;0,00%;0;0,00%
Concórdia;4.378.975,92;0,00%;0;0,00%;0;0,00%;0;0,00%;0;0,00%;4.378.975,92;0,00%;0;0,00%;0;0,00%;4.378.975,92;0,00%;0;0,00%;0;0,00%;0;0,00%;0;0,00%;0;0,00%;4.378.975,92;0,00%;0;0,00%;0;0,00%;0;0,00%;0;0,00%;0;0,00%;0;0,00%
Schroeder;4.267.508,78;0,00%;0;0,00%;0;0,00%;0;0,00%;0;0,00%;4.267.508,78;0,00%;0;0,00%;0;0,00%;4.267.508,78;0,00%;0;0,00%;0;0,00%;0;0,00%;0;0,00%;0;0,00%;4.267.508,78;0,00%;0;0,00%;0;0,00%;0;0,00%;0;0,00%;0;0,00%;0;0,00%
Santa Vitória;4.201.367,46;0,00%;0;0,00%;0;0,00%;0;0,00%;0;0,00%;4.201.367,46;0,00%;0;0,00%;0;0,00%;4.201.367,46;0,00%;0;0,00%;0;0,00%;0;0,00%;0;0,00%;0;0,00%;4.201.367,46;0,00%;0;0,00%;0;0,00%;0;0,00%;0;0,00%;0;0,00%;0;0,00%
Massaranduba;4.150.634,75;0,00%;0;0,00%;0;0,00%;0;0,00%;0;0,00%;4.150.634,75;0,00%;0;0,00%;0;0,00%;4.150.634,75;0,00%;0;0,00%;0;0,00%;0;0,00%;0;0,00%;0;0,00%;4.150.634,75;0,00%;0;0,00%;0;0,00%;0;0,00%;0;0,00%;0;0,00%;0;0,00%
Nova Santa Rita;4.095.906,63;0,00%;0;0,00%;0;0,00%;0;0,00%;0;0,00%;0;0,00%;0;0,00%;4.095.906,63;0,00%;4.095.906,63;0,00%;0;0,00%;0;0,00%;0;0,00%;0;0,00%;0;0,00%;0;0,00%;4.095.906,63;0,00%;0;0,00%;0;0,00%;0;0,00%;0;0,00%;0;0,00%
Pinhalzinho;4.083.333,30;0,00%;0;0,00%;0;0,00%;0;0,00%;0;0,00%;0;0,00%;0;0,00%;4.083.333,30;0,00%;4.083.333,30;0,00%;0;0,00%;0;0,00%;0;0,00%;0;0,00%;0;0,00%;0;0,00%;4.083.333,30;0,00%;0;0,00%;0;0,00%;0;0,00%;0;0,00%;0;0,00%
São Gabriel do Oeste;4.054.973,03;0,00%;0;0,00%;0;0,00%;0;0,00%;0;0,00%;4.054.973,03;0,00%;0;0,00%;0;0,00%;4.054.973,03;0,00%;0;0,00%;0;0,00%;0;0,00%;0;0,00%;0;0,00%;4.054.973,03;0,00%;0;0,00%;0;0,00%;0;0,00%;0;0,00%;0;0,00%;0;0,00%
Barrocas;3.925.204,87;0,00%;0;0,00%;0;0,00%;0;0,00%;0;0,00%;0;0,00%;0;0,00%;3.925.204,87;0,00%;3.925.204,87;0,00%;0;0,00%;0;0,00%;0;0,00%;0;0,00%;0;0,00%;0;0,00%;3.925.204,87;0,00%;0;0,00%;0;0,00%;0;0,00%;0;0,00%;0;0,00%
Viçosa;3.763.012,83;0,00%;0;0,00%;0;0,00%;0;0,00%;0;0,00%;0;0,00%;0;0,00%;3.763.012,83;0,00%;3.763.012,83;0,00%;0;0,00%;0;0,00%;0;0,00%;0;0,00%;0;0,00%;0;0,00%;3.763.012,83;0,00%;0;0,00%;0;0,00%;0;0,00%;0;0,00%;0;0,00%
Paranã;3.518.518,50;0,00%;0;0,00%;0;0,00%;0;0,00%;0;0,00%;0;0,00%;0;0,00%;3.518.518,50;0,00%;3.518.518,50;0,00%;0;0,00%;0;0,00%;0;0,00%;0;0,00%;0;0,00%;0;0,00%;3.518.518,50;0,00%;0;0,00%;0;0,00%;0;0,00%;0;0,00%;0;0,00%
Guarda-Mor;3.476.213,40;0,00%;0;0,00%;0;0,00%;0;0,00%;0;0,00%;0;0,00%;0;0,00%;3.476.213,40;0,00%;3.476.213,40;0,00%;0;0,00%;0;0,00%;0;0,00%;0;0,00%;0;0,00%;0;0,00%;3.476.213,40;0,00%;0;0,00%;0;0,00%;0;0,00%;0;0,00%;0;0,00%
Itá;3.319.551,93;0,00%;0;0,00%;0;0,00%;0;0,00%;0;0,00%;1.582.472,10;0,00%;0;0,00%;1.737.079,83;0,00%;3.319.551,93;0,00%;0;0,00%;0;0,00%;0;0,00%;0;0,00%;0;0,00%;1.582.472,10;0,00%;1.737.079,83;0,00%;0;0,00%;0;0,00%;0;0,00%;0;0,00%;0;0,00%
São Bento do Sul;3.250.000,00;0,00%;0;0,00%;0;0,00%;0;0,00%;0;0,00%;0;0,00%;0;0,00%;3.250.000,00;0,00%;3.250.000,00;0,00%;0;0,00%;0;0,00%;0;0,00%;0;0,00%;0;0,00%;0;0,00%;3.250.000,00;0,00%;0;0,00%;0;0,00%;0;0,00%;0;0,00%;0;0,00%
Barão;3.205.047,62;0,00%;0;0,00%;0;0,00%;0;0,00%;0;0,00%;3.205.047,62;0,00%;0;0,00%;0;0,00%;3.205.047,62;0,00%;0;0,00%;0;0,00%;0;0,00%;0;0,00%;0;0,00%;3.205.047,62;0,00%;0;0,00%;0;0,00%;0;0,00%;0;0,00%;0;0,00%;0;0,00%
Abdon Batista;2.939.321,95;0,00%;0;0,00%;0;0,00%;0;0,00%;0;0,00%;0;0,00%;0;0,00%;2.939.321,95;0,00%;2.939.321,95;0,00%;0;0,00%;0;0,00%;0;0,00%;0;0,00%;0;0,00%;0;0,00%;2.939.321,95;0,00%;0;0,00%;0;0,00%;0;0,00%;0;0,00%;0;0,00%
Barracão;2.830.003,89;0,00%;0;0,00%;0;0,00%;0;0,00%;0;0,00%;0;0,00%;0;0,00%;2.830.003,89;0,00%;2.830.003,89;0,00%;0;0,00%;0;0,00%;0;0,00%;0;0,00%;0;0,00%;0;0,00%;2.830.003,89;0,00%;0;0,00%;0;0,00%;0;0,00%;0;0,00%;0;0,00%
Sonora;2.804.854,05;0,00%;0;0,00%;0;0,00%;0;0,00%;0;0,00%;2.804.854,05;0,00%;0;0,00%;0;0,00%;2.804.854,05;0,00%;0;0,00%;0;0,00%;0;0,00%;0;0,00%;0;0,00%;2.804.854,05;0,00%;0;0,00%;0;0,00%;0;0,00%;0;0,00%;0;0,00%;0;0,00%
Abelardo Luz;2.802.519,44;0,00%;0;0,00%;0;0,00%;0;0,00%;0;0,00%;0;0,00%;0;0,00%;2.802.519,44;0,00%;2.802.519,44;0,00%;0;0,00%;0;0,00%;0;0,00%;0;0,00%;0;0,00%;0;0,00%;2.802.519,44;0,00%;0;0,00%;0;0,00%;0;0,00%;0;0,00%;0;0,00%
Correia Pinto;2.781.679,67;0,00%;0;0,00%;0;0,00%;0;0,00%;0;0,00%;2.781.679,67;0,00%;0;0,00%;0;0,00%;2.781.679,67;0,00%;0;0,00%;0;0,00%;0;0,00%;0;0,00%;0;0,00%;2.781.679,67;0,00%;0;0,00%;0;0,00%;0;0,00%;0;0,00%;0;0,00%;0;0,00%
Ponte Serrada;2.723.494,27;0,00%;0;0,00%;0;0,00%;0;0,00%;0;0,00%;0;0,00%;0;0,00%;2.723.494,27;0,00%;2.723.494,27;0,00%;0;0,00%;0;0,00%;0;0,00%;0;0,00%;0;0,00%;0;0,00%;2.723.494,27;0,00%;0;0,00%;0;0,00%;0;0,00%;0;0,00%;0;0,00%
Cotiporã;2.572.083,27;0,00%;0;0,00%;0;0,00%;0;0,00%;0;0,00%;2.572.083,27;0,00%;0;0,00%;0;0,00%;2.572.083,27;0,00%;0;0,00%;0;0,00%;0;0,00%;0;0,00%;0;0,00%;2.572.083,27;0,00%;0;0,00%;0;0,00%;0;0,00%;0;0,00%;0;0,00%;0;0,00%
Alto Feliz;2.394.886,21;0,00%;0;0,00%;0;0,00%;0;0,00%;0;0,00%;2.394.886,21;0,00%;0;0,00%;0;0,00%;2.394.886,21;0,00%;0;0,00%;0;0,00%;0;0,00%;0;0,00%;0;0,00%;2.394.886,21;0,00%;0;0,00%;0;0,00%;0;0,00%;0;0,00%;0;0,00%;0;0,00%
Jaquirana;2.334.380,26;0,00%;0;0,00%;0;0,00%;0;0,00%;0;0,00%;2.334.380,26;0,00%;0;0,00%;0;0,00%;2.334.380,26;0,00%;0;0,00%;0;0,00%;0;0,00%;0;0,00%;0;0,00%;2.334.380,26;0,00%;0;0,00%;0;0,00%;0;0,00%;0;0,00%;0;0,00%;0;0,00%
Garça;2.257.242,97;0,00%;0;0,00%;0;0,00%;0;0,00%;0;0,00%;2.257.242,97;0,00%;0;0,00%;0;0,00%;2.257.242,97;0,00%;0;0,00%;0;0,00%;0;0,00%;0;0,00%;0;0,00%;2.257.242,97;0,00%;0;0,00%;0;0,00%;0;0,00%;0;0,00%;0;0,00%;0;0,00%
Capitólio;2.217.811,22;0,00%;0;0,00%;0;0,00%;0;0,00%;0;0,00%;0;0,00%;0;0,00%;2.217.811,22;0,00%;2.217.811,22;0,00%;0;0,00%;0;0,00%;0;0,00%;0;0,00%;0;0,00%;0;0,00%;2.217.811,22;0,00%;0;0,00%;0;0,00%;0;0,00%;0;0,00%;0;0,00%
Vargeão;2.216.840,89;0,00%;0;0,00%;0;0,00%;0;0,00%;0;0,00%;0;0,00%;0;0,00%;2.216.840,89;0,00%;2.216.840,89;0,00%;0;0,00%;0;0,00%;0;0,00%;0;0,00%;0;0,00%;0;0,00%;2.216.840,89;0,00%;0;0,00%;0;0,00%;0;0,00%;0;0,00%;0;0,00%
Roca Sales;2.208.216,97;0,00%;0;0,00%;0;0,00%;0;0,00%;0;0,00%;0;0,00%;0;0,00%;2.208.216,97;0,00%;2.208.216,97;0,00%;0;0,00%;0;0,00%;0;0,00%;0;0,00%;0;0,00%;0;0,00%;2.208.216,97;0,00%;0;0,00%;0;0,00%;0;0,00%;0;0,00%;0;0,00%
Doutor Pedrinho;2.207.365,23;0,00%;0;0,00%;0;0,00%;0;0,00%;0;0,00%;0;0,00%;0;0,00%;2.207.365,23;0,00%;2.207.365,23;0,00%;0;0,00%;0;0,00%;0;0,00%;0;0,00%;0;0,00%;0;0,00%;2.207.365,23;0,00%;0;0,00%;0;0,00%;0;0,00%;0;0,00%;0;0,00%
Maratá;2.077.940,91;0,00%;0;0,00%;0;0,00%;0;0,00%;0;0,00%;0;0,00%;0;0,00%;2.077.940,91;0,00%;2.077.940,91;0,00%;0;0,00%;0;0,00%;0;0,00%;0;0,00%;0;0,00%;0;0,00%;2.077.940,91;0,00%;0;0,00%;0;0,00%;0;0,00%;0;0,00%;0;0,00%
Morro Grande;2.002.003,09;0,00%;0;0,00%;0;0,00%;0;0,00%;0;0,00%;2.002.003,09;0,00%;0;0,00%;0;0,00%;2.002.003,09;0,00%;0;0,00%;0;0,00%;0;0,00%;0;0,00%;0;0,00%;2.002.003,09;0,00%;0;0,00%;0;0,00%;0;0,00%;0;0,00%;0;0,00%;0;0,00%
Marau;2.000.000,00;0,00%;0;0,00%;0;0,00%;0;0,00%;0;0,00%;0;0,00%;0;0,00%;2.000.000,00;0,00%;2.000.000,00;0,00%;0;0,00%;0;0,00%;0;0,00%;0;0,00%;0;0,00%;0;0,00%;2.000.000,00;0,00%;0;0,00%;0;0,00%;0;0,00%;0;0,00%;0;0,00%
Serafina Corrêa;1.983.093,50;0,00%;0;0,00%;0;0,00%;0;0,00%;0;0,00%;1.983.093,50;0,00%;0;0,00%;0;0,00%;1.983.093,50;0,00%;0;0,00%;0;0,00%;0;0,00%;0;0,00%;0;0,00%;1.983.093,50;0,00%;0;0,00%;0;0,00%;0;0,00%;0;0,00%;0;0,00%;0;0,00%
Passos Maia;1.973.095,78;0,00%;0;0,00%;0;0,00%;0;0,00%;0;0,00%;1.973.095,78;0,00%;0;0,00%;0;0,00%;1.973.095,78;0,00%;0;0,00%;0;0,00%;0;0,00%;0;0,00%;0;0,00%;1.973.095,78;0,00%;0;0,00%;0;0,00%;0;0,00%;0;0,00%;0;0,00%;0;0,00%
Antônio Prado;1.900.000,00;0,00%;0;0,00%;0;0,00%;0;0,00%;0;0,00%;0;0,00%;0;0,00%;1.900.000,00;0,00%;1.900.000,00;0,00%;0;0,00%;0;0,00%;0;0,00%;0;0,00%;0;0,00%;0;0,00%;1.900.000,00;0,00%;0;0,00%;0;0,00%;0;0,00%;0;0,00%;0;0,00%
Vale Real;1.835.554,46;0,00%;0;0,00%;0;0,00%;0;0,00%;0;0,00%;1.835.554,46;0,00%;0;0,00%;0;0,00%;1.835.554,46;0,00%;0;0,00%;0;0,00%;0;0,00%;0;0,00%;0;0,00%;1.835.554,46;0,00%;0;0,00%;0;0,00%;0;0,00%;0;0,00%;0;0,00%;0;0,00%
Bom Jesus;1.829.349,01;0,00%;0;0,00%;0;0,00%;0;0,00%;0;0,00%;1.829.349,01;0,00%;0;0,00%;0;0,00%;1.829.349,01;0,00%;0;0,00%;0;0,00%;0;0,00%;0;0,00%;0;0,00%;1.829.349,01;0,00%;0;0,00%;0;0,00%;0;0,00%;0;0,00%;0;0,00%;0;0,00%
Pinheiro Preto;1.714.145,14;0,00%;0;0,00%;0;0,00%;0;0,00%;0;0,00%;0;0,00%;0;0,00%;1.714.145,14;0,00%;1.714.145,14;0,00%;0;0,00%;0;0,00%;0;0,00%;0;0,00%;0;0,00%;0;0,00%;1.714.145,14;0,00%;0;0,00%;0;0,00%;0;0,00%;0;0,00%;0;0,00%
Crucilândia;1.676.781,70;0,00%;0;0,00%;0;0,00%;0;0,00%;0;0,00%;0;0,00%;0;0,00%;1.676.781,70;0,00%;1.676.781,70;0,00%;0;0,00%;0;0,00%;0;0,00%;0;0,00%;0;0,00%;0;0,00%;1.676.781,70;0,00%;0;0,00%;0;0,00%;0;0,00%;0;0,00%;0;0,00%
Rio Paranaíba;1.648.332,62;0,00%;0;0,00%;0;0,00%;0;0,00%;0;0,00%;0;0,00%;0;0,00%;1.648.332,62;0,00%;1.648.332,62;0,00%;0;0,00%;0;0,00%;0;0,00%;0;0,00%;0;0,00%;0;0,00%;1.648.332,62;0,00%;0;0,00%;0;0,00%;0;0,00%;0;0,00%;0;0,00%
Salvador do Sul;1.590.103,75;0,00%;0;0,00%;0;0,00%;0;0,00%;0;0,00%;1.590.103,75;0,00%;0;0,00%;0;0,00%;1.590.103,75;0,00%;0;0,00%;0;0,00%;0;0,00%;0;0,00%;0;0,00%;1.590.103,75;0,00%;0;0,00%;0;0,00%;0;0,00%;0;0,00%;0;0,00%;0;0,00%
Paty do Alferes;1.361.111,10;0,00%;0;0,00%;0;0,00%;0;0,00%;0;0,00%;0;0,00%;0;0,00%;1.361.111,10;0,00%;1.361.111,10;0,00%;0;0,00%;0;0,00%;0;0,00%;0;0,00%;0;0,00%;0;0,00%;1.361.111,10;0,00%;0;0,00%;0;0,00%;0;0,00%;0;0,00%;0;0,00%
Monte Castelo;1.225.879,28;0,00%;0;0,00%;0;0,00%;0;0,00%;0;0,00%;0;0,00%;0;0,00%;1.225.879,28;0,00%;1.225.879,28;0,00%;0;0,00%;0;0,00%;0;0,00%;0;0,00%;0;0,00%;0;0,00%;1.225.879,28;0,00%;0;0,00%;0;0,00%;0;0,00%;0;0,00%;0;0,00%
Entre Rios;1.010.158,00;0,00%;0;0,00%;0;0,00%;0;0,00%;0;0,00%;1.010.158,00;0,00%;0;0,00%;0;0,00%;1.010.158,00;0,00%;0;0,00%;0;0,00%;0;0,00%;0;0,00%;0;0,00%;1.010.158,00;0,00%;0;0,00%;0;0,00%;0;0,00%;0;0,00%;0;0,00%;0;0,00%
Relvado;1.000.000,00;0,00%;0;0,00%;0;0,00%;0;0,00%;0;0,00%;0;0,00%;0;0,00%;1.000.000,00;0,00%;1.000.000,00;0,00%;0;0,00%;0;0,00%;0;0,00%;0;0,00%;0;0,00%;0;0,00%;1.000.000,00;0,00%;0;0,00%;0;0,00%;0;0,00%;0;0,00%;0;0,00%
Virmond;1.000.000,00;0,00%;0;0,00%;0;0,00%;0;0,00%;0;0,00%;0;0,00%;0;0,00%;1.000.000,00;0,00%;1.000.000,00;0,00%;0;0,00%;0;0,00%;0;0,00%;0;0,00%;0;0,00%;0;0,00%;1.000.000,00;0,00%;0;0,00%;0;0,00%;0;0,00%;0;0,00%;0;0,00%
Campinas das Missões;980.899,52;0,00%;0;0,00%;0;0,00%;0;0,00%;0;0,00%;980.899,52;0,00%;0;0,00%;0;0,00%;980.899,52;0,00%;0;0,00%;0;0,00%;0;0,00%;0;0,00%;0;0,00%;980.899,52;0,00%;0;0,00%;0;0,00%;0;0,00%;0;0,00%;0;0,00%;0;0,00%
Paranavaí;912.110,51;0,00%;0;0,00%;0;0,00%;0;0,00%;0;0,00%;0;0,00%;0;0,00%;912.110,51;0,00%;912.110,51;0,00%;0;0,00%;0;0,00%;0;0,00%;0;0,00%;0;0,00%;0;0,00%;912.110,51;0,00%;0;0,00%;0;0,00%;0;0,00%;0;0,00%;0;0,00%
Santa Helena;891.783,76;0,00%;0;0,00%;0;0,00%;0;0,00%;0;0,00%;0;0,00%;0;0,00%;891.783,76;0,00%;891.783,76;0,00%;0;0,00%;0;0,00%;0;0,00%;0;0,00%;0;0,00%;0;0,00%;891.783,76;0,00%;0;0,00%;0;0,00%;0;0,00%;0;0,00%;0;0,00%
Tio Hugo;802.986,44;0,00%;0;0,00%;0;0,00%;0;0,00%;0;0,00%;802.986,44;0,00%;0;0,00%;0;0,00%;802.986,44;0,00%;0;0,00%;0;0,00%;0;0,00%;0;0,00%;0;0,00%;802.986,44;0,00%;0;0,00%;0;0,00%;0;0,00%;0;0,00%;0;0,00%;0;0,00%
Guarujá do Sul;662.863,28;0,00%;0;0,00%;0;0,00%;0;0,00%;0;0,00%;0;0,00%;0;0,00%;662.863,28;0,00%;662.863,28;0,00%;0;0,00%;0;0,00%;0;0,00%;0;0,00%;0;0,00%;0;0,00%;662.863,28;0,00%;0;0,00%;0;0,00%;0;0,00%;0;0,00%;0;0,00%
Veranópolis;637.832,89;0,00%;0;0,00%;0;0,00%;0;0,00%;0;0,00%;637.832,89;0,00%;0;0,00%;0;0,00%;637.832,89;0,00%;0;0,00%;0;0,00%;0;0,00%;0;0,00%;0;0,00%;637.832,89;0,00%;0;0,00%;0;0,00%;0;0,00%;0;0,00%;0;0,00%;0;0,00%
Rio do Campo;470.629,65;0,00%;0;0,00%;0;0,00%;0;0,00%;0;0,00%;0;0,00%;0;0,00%;470.629,65;0,00%;470.629,65;0,00%;0;0,00%;0;0,00%;0;0,00%;0;0,00%;0;0,00%;0;0,00%;470.629,65;0,00%;0;0,00%;0;0,00%;0;0,00%;0;0,00%;0;0,00%
Sidrolândia;417.285,23;0,00%;0;0,00%;0;0,00%;0;0,00%;0;0,00%;417.285,23;0,00%;0;0,00%;0;0,00%;417.285,23;0,00%;0;0,00%;0;0,00%;0;0,00%;0;0,00%;0;0,00%;417.285,23;0,00%;0;0,00%;0;0,00%;0;0,00%;0;0,00%;0;0,00%;0;0,00%
Jundiaí;384.979,63;0,00%;0;0,00%;0;0,00%;0;0,00%;0;0,00%;0;0,00%;0;0,00%;384.979,63;0,00%;384.979,63;0,00%;0;0,00%;0;0,00%;0;0,00%;0;0,00%;0;0,00%;0;0,00%;384.979,63;0,00%;0;0,00%;0;0,00%;0;0,00%;0;0,00%;0;0,00%
Barra do Guarita;200.000,00;0,00%;0;0,00%;0;0,00%;0;0,00%;0;0,00%;0;0,00%;0;0,00%;200.000,00;0,00%;200.000,00;0,00%;0;0,00%;0;0,00%;0;0,00%;0;0,00%;0;0,00%;0;0,00%;200.000,00;0,00%;0;0,00%;0;0,00%;0;0,00%;0;0,00%;0;0,00%
Euclides da Cunha;0;0%;0;0,00%;0;0,00%;0;0,00%;0;0,00%;0;0,00%;0;0,00%;0;0%;0;0%;0;0,00%;0;0,00%;0;0,00%;0;0,00%;0;0,00%;0;0,00%;0;0%;0;0,00%;0;0,00%;0;0,00%;0;0,00%;0;0,00%
Estância;0;0%;0;0,00%;0;0,00%;0;0,00%;0;0,00%;0;0,00%;0;0,00%;0;0%;0;0%;0;0,00%;0;0,00%;0;0,00%;0;0,00%;0;0,00%;0;0,00%;0;0%;0;0,00%;0;0,00%;0;0,00%;0;0,00%;0;0,00%
Goiatuba;0;0%;0;0,00%;0;0,00%;0;0,00%;0;0,00%;0;0,00%;0;0,00%;0;0%;0;0%;0;0,00%;0;0,00%;0;0,00%;0;0,00%;0;0,00%;0;0,00%;0;0%;0;0,00%;0;0,00%;0;0,00%;0;0,00%;0;0,00%
Indaiatuba;0;0%;0;0,00%;0;0,00%;0;0,00%;0;0,00%;0;0,00%;0;0%;0;0,00%;0;0,00%;0;0,00%;0;0,00%;0;0,00%;0;0,00%;0;0,00%;0;0,00%;0;0,00%;0;0%;0;0%;0;0,00%;0;0,00%;0;0,00%
Mata;0;0%;0;0,00%;0;0,00%;0;0,00%;0;0,00%;0;0,00%;0;0,00%;0;0%;0;0%;0;0,00%;0;0,00%;0;0,00%;0;0,00%;0;0,00%;0;0,00%;0;0%;0;0,00%;0;0,00%;0;0,00%;0;0,00%;0;0,00%
São José do Rio Preto;0;0%;0;0,00%;0;0,00%;0;0,00%;0;0,00%;0;0,00%;0;0,00%;0;0%;0;0%;0;0,00%;0;0,00%;0;0,00%;0;0,00%;0;0,00%;0;0,00%;0;0%;0;0,00%;0;0,00%;0;0,00%;0;0,00%;0;0,00%
Telêmaco Borba;0;0%;0;0,00%;0;0,00%;0;0,00%;0;0,00%;0;0,00%;0;0,00%;0;0%;0;0%;0;0,00%;0;0,00%;0;0,00%;0;0,00%;0;0,00%;0;0,00%;0;0%;0;0,00%;0;0,00%;0;0,00%;0;0,00%;0;0,00%
Cianorte;0;0%;0;0,00%;0;0,00%;0;0,00%;0;0,00%;0;0,00%;0;0,00%;0;0%;0;0%;0;0,00%;0;0,00%;0;0,00%;0;0,00%;0;0,00%;0;0,00%;0;0%;0;0,00%;0;0,00%;0;0,00%;0;0,00%;0;0,00%
Itacurubi;0;0%;0;0,00%;0;0,00%;0;0,00%;0;0,00%;0;0,00%;0;0,00%;0;0%;0;0%;0;0,00%;0;0,00%;0;0,00%;0;0,00%;0;0,00%;0;0,00%;0;0%;0;0,00%;0;0,00%;0;0,00%;0;0,00%;0;0,00%
Paraíso;0;0%;0;0,00%;0;0,00%;0;0,00%;0;0,00%;0;0,00%;0;0,00%;0;0%;0;0%;0;0,00%;0;0,00%;0;0,00%;0;0,00%;0;0,00%;0;0,00%;0;0%;0;0,00%;0;0,00%;0;0,00%;0;0,00%;0;0,00%
Bancos Federais;19.536.212.836,65;7,15%;0;0,00%;0;0,00%;0;0,00%;3.647.900.106,20;1,33%;0;0,00%;15.888.312.730,45;5,81%;0;0,00%;3.647.900.106,20;3,38%;0;0,00%;0;0,00%;0;0,00%;0;0,00%;3.647.900.106,20;3,38%;0;0,00%;0;0,00%;15.888.312.730,45;9,60%;15.888.312.730,45;9,60%;0;0,00%;0;0,00%;0;0,00%
BNDES;14.976.902.678,56;5,48%;0;0,00%;0;0,00%;0;0,00%;0;0,00%;0;0,00%;14.976.902.678,56;5,48%;0;0,00%;0;0,00%;0;0,00%;0;0,00%;0;0,00%;0;0,00%;0;0,00%;0;0,00%;0;0,00%;14.976.902.678,56;9,05%;14.976.902.678,56;9,05%;0;0,00%;0;0,00%;0;0,00%
CAIXA;3.643.638.869,66;1,33%;0;0,00%;0;0,00%;0;0,00%;3.581.858.168,81;1,31%;0;0,00%;61.780.700,85;0,02%;0;0,00%;3.581.858.168,81;3,32%;0;0,00%;0;0,00%;0;0,00%;0;0,00%;3.581.858.168,81;3,32%;0;0,00%;0;0,00%;61.780.700,85;0,04%;61.780.700,85;0,04%;0;0,00%;0;0,00%;0;0,00%
Banco do Brasil;557.951.937,39;0,20%;0;0,00%;0;0,00%;0;0,00%;66.041.937,39;0,02%;0;0,00%;491.910.000,00;0,18%;0;0,00%;66.041.937,39;0,06%;0;0,00%;0;0,00%;0;0,00%;0;0,00%;66.041.937,39;0,06%;0;0,00%;0;0,00%;491.910.000,00;0,30%;491.910.000,00;0,30%;0;0,00%;0;0,00%;0;0,00%
Banco do Nordeste;357.719.351,05;0,13%;0;0,00%;0;0,00%;0;0,00%;0;0,00%;0;0,00%;357.719.351,05;0,13%;0;0,00%;0;0,00%;0;0,00%;0;0,00%;0;0,00%;0;0,00%;0;0,00%;0;0,00%;0;0,00%;357.719.351,05;0,22%;357.719.351,05;0,22%;0;0,00%;0;0,00%;0;0,00%
Entidades Estaduais Controladas;8.001.525.439,43;2,93%;0;0,00%;0;0,00%;0;0,00%;0;0,00%;0;0,00%;8.001.525.439,43;2,93%;0;0,00%;0;0,00%;0;0,00%;0;0,00%;0;0,00%;0;0,00%;0;0,00%;0;0,00%;0;0,00%;8.001.525.439,43;4,84%;5.872.759.220,09;3,55%;115.236.402,84;0,07%;2.013.529.816,50;1,22%;0;0,00%
SABESP-SP;4.637.321.369,44;1,70%;0;0,00%;0;0,00%;0;0,00%;0;0,00%;0;0,00%;4.637.321.369,44;1,70%;0;0,00%;0;0,00%;0;0,00%;0;0,00%;0;0,00%;0;0,00%;0;0,00%;0;0,00%;0;0,00%;4.637.321.369,44;2,80%;2.837.190.249,70;1,71%;0;0,00%;1.800.131.119,75;1,09%;0;0,00%
CELESC-SC;1.147.775.804,49;0,42%;0;0,00%;0;0,00%;0;0,00%;0;0,00%;0;0,00%;1.147.775.804,49;0,42%;0;0,00%;0;0,00%;0;0,00%;0;0,00%;0;0,00%;0;0,00%;0;0,00%;0;0,00%;0;0,00%;1.147.775.804,49;0,69%;1.147.775.804,49;0,69%;0;0,00%;0;0,00%;0;0,00%
CAESB-DF;751.523.843,33;0,27%;0;0,00%;0;0,00%;0;0,00%;0;0,00%;0;0,00%;751.523.843,33;0,27%;0;0,00%;0;0,00%;0;0,00%;0;0,00%;0;0,00%;0;0,00%;0;0,00%;0;0,00%;0;0,00%;751.523.843,33;0,45%;751.523.843,33;0,45%;0;0,00%;0;0,00%;0;0,00%
CEEE-GT-RS;560.391.944,19;0,20%;0;0,00%;0;0,00%;0;0,00%;0;0,00%;0;0,00%;560.391.944,19;0,20%;0;0,00%;0;0,00%;0;0,00%;0;0,00%;0;0,00%;0;0,00%;0;0,00%;0;0,00%;0;0,00%;560.391.944,19;0,34%;560.391.944,19;0,34%;0;0,00%;0;0,00%;0;0,00%
CEEE-D-RS;316.882.075,67;0,12%;0;0,00%;0;0,00%;0;0,00%;0;0,00%;0;0,00%;316.882.075,67;0,12%;0;0,00%;0;0,00%;0;0,00%;0;0,00%;0;0,00%;0;0,00%;0;0,00%;0;0,00%;0;0,00%;316.882.075,67;0,19%;316.882.075,67;0,19%;0;0,00%;0;0,00%;0;0,00%
CASAN-SC;213.398.696,75;0,08%;0;0,00%;0;0,00%;0;0,00%;0;0,00%;0;0,00%;213.398.696,75;0,08%;0;0,00%;0;0,00%;0;0,00%;0;0,00%;0;0,00%;0;0,00%;0;0,00%;0;0,00%;0;0,00%;213.398.696,75;0,13%;0;0,00%;0;0,00%;213.398.696,75;0,13%;0;0,00%
CAGECE-CE;189.256.851,79;0,07%;0;0,00%;0;0,00%;0;0,00%;0;0,00%;0;0,00%;189.256.851,79;0,07%;0;0,00%;0;0,00%;0;0,00%;0;0,00%;0;0,00%;0;0,00%;0;0,00%;0;0,00%;0;0,00%;189.256.851,79;0,11%;189.256.851,79;0,11%;0;0,00%;0;0,00%;0;0,00%
COPASA-MG;115.236.402,84;0,04%;0;0,00%;0;0,00%;0;0,00%;0;0,00%;0;0,00%;115.236.402,84;0,04%;0;0,00%;0;0,00%;0;0,00%;0;0,00%;0;0,00%;0;0,00%;0;0,00%;0;0,00%;0;0,00%;115.236.402,84;0,07%;0;0,00%;115.236.402,84;0,07%;0;0,00%;0;0,00%
SANEAGO-GO;69.738.450,91;0,03%;0;0,00%;0;0,00%;0;0,00%;0;0,00%;0;0,00%;69.738.450,91;0,03%;0;0,00%;0;0,00%;0;0,00%;0;0,00%;0;0,00%;0;0,00%;0;0,00%;0;0,00%;0;0,00%;69.738.450,91;0,04%;69.738.450,91;0,04%;0;0,00%;0;0,00%;0;0,00%
BANDES-ES;0;0%;0;0,00%;0;0,00%;0;0,00%;0;0,00%;0;0,00%;0;0%;0;0,00%;0;0,00%;0;0,00%;0;0,00%;0;0,00%;0;0,00%;0;0,00%;0;0,00%;0;0,00%;0;0%;0;0%;0;0,00%;0;0,00%;0;0,00%
Estatais Federais;5.931.395.483,21;2,17%;0;0,00%;0;0,00%;0;0,00%;0;0,00%;0;0,00%;2.440.695.642,30;0,89%;3.490.699.840,91;1,28%;3.490.699.840,91;3,24%;0;0,00%;0;0,00%;0;0,00%;0;0,00%;0;0,00%;0;0,00%;3.490.699.840,91;3,24%;2.440.695.642,30;1,47%;2.204.308.132,09;1,33%;236.387.510,22;0,14%;0;0,00%;0;0,00%
ELETRONUCLEAR;2.966.039.840,26;1,08%;0;0,00%;0;0,00%;0;0,00%;0;0,00%;0;0,00%;0;0,00%;2.966.039.840,26;1,08%;2.966.039.840,26;2,75%;0;0,00%;0;0,00%;0;0,00%;0;0,00%;0;0,00%;0;0,00%;2.966.039.840,26;2,75%;0;0,00%;0;0,00%;0;0,00%;0;0,00%;0;0,00%
FINEP;1.637.175.518,90;0,60%;0;0,00%;0;0,00%;0;0,00%;0;0,00%;0;0,00%;1.637.175.518,90;0,60%;0;0,00%;0;0,00%;0;0,00%;0;0,00%;0;0,00%;0;0,00%;0;0,00%;0;0,00%;0;0,00%;1.637.175.518,90;0,99%;1.637.175.518,90;0,99%;0;0,00%;0;0,00%;0;0,00%
ELETROBRÁS;956.836.247,20;0,35%;0;0,00%;0;0,00%;0;0,00%;0;0,00%;0;0,00%;432.176.246,55;0,16%;524.660.000,65;0,19%;524.660.000,65;0,49%;0;0,00%;0;0,00%;0;0,00%;0;0,00%;0;0,00%;0;0,00%;524.660.000,65;0,49%;432.176.246,55;0,26%;195.788.736,33;0,12%;236.387.510,22;0,14%;0;0,00%;0;0,00%
Furnas Centrais Elétricas;371.343.876,86;0,14%;0;0,00%;0;0,00%;0;0,00%;0;0,00%;0;0,00%;371.343.876,86;0,14%;0;0,00%;0;0,00%;0;0,00%;0;0,00%;0;0,00%;0;0,00%;0;0,00%;0;0,00%;0;0,00%;371.343.876,86;0,22%;371.343.876,86;0,22%;0;0,00%;0;0,00%;0;0,00%
